# Aspose.3D Wavefront OBJ Exporter
# Copyright 2004-2024 Aspose Pty Ltd.
# File created: 11/20/2024 01:44:03

mtllib material.lib
g Plane

#
# object Plane
#

v -32.90742 251.32922 7.7385235
v -35.52428 205.24301 -72.02077
v -28.87701 265.26352 0.8536702
v -25.614853 251.63045 -61.80751
v -36.07015 245.28323 11.773871
v -40.8394 178.72636 -61.883114
v -45.21184 235.13991 37.663414
v -52.143063 141.52791 -31.213877
v -49.408962 222.18477 73.29739
v -43.62608 97.29489 27.869944
v -46.64102 214.8287 94.33716
v -36.491966 90.15666 59.18183
v -39.744637 207.29114 114.25266
v -27.24788 104.70406 118.496
v -28.442112 202.31006 142.5573
v -20.19468 117.38869 146.57242
v -25.263409 194.3074 162.41544
v -18.06314 139.66689 165.84125
v -22.372715 187.63452 178.1128
v -18.036455 150.37996 180.07321
v -13.632756 183.06012 193.8966
v -13.12049 158.53036 193.60632
v -11.659702 183.12378 203.67856
v -11.423898 161.66325 203.64653
v -10.755483 180.01422 215.32622
v -10.898353 166.76596 215.34425
v -9.05025 174.66177 223.33289
v -9.041935 172.64731 223.31706
v -27.238794 275.54205 -1.4812164
v -21.085245 275.69107 -49.515587
v -25.344156 288.51154 -2.8196487
v -18.788479 291.92285 -41.687954
v -19.508514 316.09793 -2.3454778
v -15.89739 317.76776 -34.0114
v -15.251177 348.02637 -1.9106671
v -13.031928 347.18457 -25.590763
v -11.785022 369.83487 -1.9936564
v -11.9871435 366.34766 -30.022099
v -11.319648 390.9499 -6.0830855
v -11.357393 382.37198 -37.51082
v -10.724869 405.2735 -10.299342
v -11.992927 385.477 -39.588905
v -12.999409 419.89642 -25.282942
v -12.561697 387.5754 -41.96429
v -16.412926 421.85596 -44.527344
v -12.825171 388.42264 -44.582596
v -16.294775 422.2587 -49.91715
v -11.66957 392.8719 -56.232204
v -11.804821 417.71115 -70.674416
v -11.217147 393.65338 -64.69429
v -11.591299 413.43475 -74.32954
v -10.583861 394.73398 -70.83998
v -10.061414 410.5259 -80.09548
v -9.194158 396.749 -77.27672
v -8.446494 405.7737 -87.916016
v -8.685869 397.91333 -87.13828
v -6.7660556 402.6147 -93.97014
v -6.417091 395.88098 -93.549774
v -5.5400887 399.38983 -98.75992
v -5.2488146 395.26236 -98.7788
v -4.843909 396.80978 -101.46096
v -4.769246 395.53116 -101.44521
v -30.509018 257.9957 3.5519557
v -29.54176 229.15698 -70.141106
v -48.821022 221.56274 -41.18522
v -32.5659 257.45078 -39.460316
v -60.454166 204.72165 -30.710337
v -73.60004 180.63927 -0.26984885
v -77.04252 155.21075 42.41373
v -73.09989 148.8689 77.757835
v -60.651173 152.07224 110.67331
v -41.441856 160.10092 145.36781
v -33.43864 165.41388 163.86647
v -24.074942 167.72063 178.54335
v -15.573812 170.37354 193.62424
v -13.875062 172.88994 203.6113
v -11.015961 173.94597 215.15025
v -9.046083 173.65909 223.32495
v -30.37122 274.75674 -31.168911
v -29.08558 289.10815 -26.965206
v -23.783365 316.63458 -21.237045
v -19.31022 346.68018 -16.661926
v -16.982899 367.57516 -18.743868
v -16.768648 385.38345 -24.100687
v -17.89849 394.70895 -28.284481
v -21.159382 402.69232 -36.233788
v -18.86651 415.32074 -44.983967
v -17.850952 415.82928 -50.19857
v -15.43287 405.0959 -63.984486
v -12.806163 404.5592 -70.85104
v -9.752243 403.72202 -78.63097
v -8.973379 401.84033 -87.42585
v -7.3678107 399.48624 -93.81121
v -6.3228564 397.18863 -98.87733
v -5.2424664 396.2162 -101.502914
v -39.87118 238.95488 -44.175972
v -5.2488146 395.26236 -98.7788
v -6.07989 397.17773 -98.8188
v -5.1853304 412.07538 -80.490456
v -4.452407 406.85977 -87.87775
v -6.25062 365.79495 -32.788742
v -6.873915 346.82047 -30.106401
v -12.374132 250.98048 -70.37192
v -14.505059 224.12444 -80.3976
v -4.6161265 395.96326 -86.52122
v -4.7514496 394.44193 -76.928734
v -9.311587 147.0007 181.31944
v -6.8534 155.08989 194.47719
v -5.6934147 370.68427 2.9579124
v -5.4721813 391.77582 -1.325652
v -6.773699 184.6059 193.91032
v -11.186345 190.33385 178.38857
v -3.4410155 403.37997 -93.77042
v -5.6709857 380.87686 -39.4849
v -18.800766 198.88802 -82.26208
v -22.535418 173.51094 -70.468445
v -3.4109821 395.23334 -93.12182
v -5.773222 158.71614 204.4237
v -18.886805 252.51865 22.48898
v -17.424337 258.20618 17.927334
v -5.2225947 407.13593 -7.5253067
v -5.8729043 184.1877 203.67856
v -2.8304858 399.96265 -98.5229
v -5.9028163 383.65622 -41.288414
v -27.363892 132.22025 -32.43992
v -2.723967 394.93518 -98.36208
v -5.6404653 164.08533 216.12947
v -22.930714 242.05916 42.74067
v -2.4810252 396.78522 -101.80934
v -2.430956 395.1687 -101.72724
v -6.32507 422.16064 -22.111126
v -5.326371 181.19159 215.33586
v -6.170676 385.7414 -43.926796
v -4.7383823 172.03018 225.83893
v -4.7464 174.36646 225.85703
v -26.596596 89.10355 27.732819
v -20.10342 233.27223 79.31147
v -16.168144 264.3237 13.075623
v -15.2837 271.14398 9.7494545
v -6.383979 430.37405 -36.253277
v -6.313011 386.7904 -46.48811
v -25.767986 85.399345 59.350193
v -14.384894 280.66995 6.4264874
v -19.19913 228.48872 95.745415
v -6.626891 430.60468 -55.43642
v -10.532677 275.617 -54.513397
v -6.2263184 390.3218 -57.482193
v -13.464829 99.03062 118.26805
v -13.863987 292.12427 3.1111822
v -17.572653 222.63689 110.08853
v -6.0265183 419.36737 -71.15326
v -9.563465 291.72845 -46.51586
v -5.628176 391.69296 -67.11708
v -13.4033375 113.2556 148.10359
v -11.962833 317.89044 2.3912442
v -13.320851 208.78477 142.6562
v -5.8161817 415.14355 -74.90247
v -8.293043 317.73077 -38.872746
v -5.3449993 393.13608 -72.27057
v -8.167996 135.63115 166.7828
v -7.4100127 348.96762 3.920626
v -12.630046 200.41336 162.5018
v -4.742453 173.20566 225.84796
v -2.6404157 396.06964 -101.81023
v -36.822403 91.224785 69.47144
v -52.300846 105.89256 16.895157
v -18.628185 89.34805 16.396278
v -14.406612 81.175415 68.72028
v -35.277275 78.83517 61.48945
v -39.862953 77.34997 42.68093
v -29.321457 72.50584 44.312233
v -28.187439 75.88844 62.841675
v -35.82657 60.607838 59.81698
v -38.34742 62.31357 49.241165
v -31.73896 61.37292 48.779285
v -31.326405 59.778557 59.543537
v -36.803696 46.804356 62.173332
v -39.998493 47.987255 52.020782
v -31.125181 46.936382 52.285053
v -31.575678 46.45709 62.620083
v -37.369297 25.15981 69.94279
v -42.349525 29.680157 54.044582
v -30.577856 29.472599 51.613705
v -30.099957 25.284788 68.753746
v -38.789017 16.528435 68.658226
v -46.236107 23.01561 53.788166
v -25.008364 21.474972 51.206043
v -26.547222 16.713324 66.87476
v -41.06446 4.3019996 61.179707
v -50.93238 16.976616 51.31758
v -22.356377 16.172552 47.010822
v -23.579826 3.7551486 57.204376
v -51.03364 2.6930764 45.764614
v -54.67777 12.183732 40.59574
v -23.860638 11.09307 35.39839
v -25.579361 1.7002294 40.936394
v -57.220467 0.64665496 27.663607
v -59.85581 6.9940786 25.75869
v -23.90496 7.680875 20.256987
v -27.187014 -0.04348693 22.44021
v -54.29464 -0.41499248 9.4245205
v -59.406887 3.3877482 9.135803
v -28.152363 4.1739945 3.5203018
v -33.2675 -0.49851447 5.610427
v -22.880907 406.64536 -43.28618
v -13.116194 427.47995 -38.5592
v -19.432714 407.47922 -53.754528
v -13.212777 428.47336 -55.23053
v -17.758095 418.42487 -44.03044
v -16.932598 419.03232 -51.177155
v -16.699762 422.86316 -47.009853
v -17.998093 414.78085 -47.717
v -17.48958 418.7636 -47.356186
v 32.90743 251.32922 7.738513
v 35.52426 205.24301 -72.020775
v 28.87702 265.26352 0.85366076
v 25.614841 251.63045 -61.807518
v 36.07016 245.28323 11.773859
v 40.839382 178.72636 -61.883125
v 45.21186 235.13991 37.6634
v 52.14305 141.52791 -31.213894
v 49.408993 222.18475 73.29738
v 43.46219 97.179855 26.87059
v 46.641056 214.8287 94.33714
v 36.84891 89.93207 58.608856
v 39.74468 207.29114 114.252655
v 27.247913 104.704056 118.495995
v 28.442162 202.31006 142.5573
v 20.194723 117.38869 146.57242
v 25.263464 194.3074 162.41542
v 18.063192 139.66689 165.84125
v 22.372774 187.6345 178.1128
v 18.036512 150.37994 180.07321
v 13.63282 183.06012 193.89659
v 13.120552 158.53036 193.60632
v 11.65977 183.12378 203.67856
v 11.423963 161.66325 203.64653
v 10.755553 180.01422 215.32622
v 10.898422 166.76596 215.34424
v 9.050323 174.66177 223.33287
v 9.042007 172.64731 223.31705
v 27.238802 275.54205 -1.4812254
v 21.085238 275.69107 -49.51559
v 25.344166 288.5115 -2.819657
v 18.788477 291.92285 -41.687958
v 19.508526 316.09793 -2.345484
v 15.897391 317.76776 -34.011402
v 15.251192 348.02637 -1.9106721
v 13.031935 347.18457 -25.590767
v 11.785038 369.83487 -1.9936602
v 11.987151 366.34766 -30.022102
v 11.319665 390.9499 -6.0830894
v 11.357399 382.37198 -37.510822
v 10.724885 405.2735 -10.299346
v 11.992932 385.477 -39.58891
v 12.999422 419.89642 -25.282948
v 12.561702 387.5754 -41.964294
v 16.412933 421.85596 -44.52735
v 12.825175 388.42264 -44.5826
v 16.29478 422.2587 -49.91716
v 11.669571 392.8719 -56.23221
v 11.804819 417.71115 -70.674416
v 11.217145 393.65338 -64.69429
v 11.591296 413.43475 -74.32954
v 10.583858 394.73398 -70.83998
v 10.061408 410.5259 -80.09549
v 9.194152 396.749 -77.27672
v 8.4464855 405.77374 -87.91602
v 8.68586 397.91333 -87.138275
v 6.766045 402.6147 -93.97014
v 6.4170794 395.88098 -93.549774
v 5.5400763 399.38983 -98.759926
v 5.2488017 395.26236 -98.7788
v 4.8438954 396.80978 -101.46096
v 4.7692323 395.53116 -101.44521
v 30.509027 257.9957 3.5519457
v 29.541742 229.15698 -70.14111
v 6.6240805E-06 265.6021 16.323723
v 7.0128235E-06 259.04947 20.467873
v -1.3127404E-05 195.23233 -86.02991
v -1.1884672E-05 222.83525 -85.8079
v -8.885323E-06 250.77065 -74.89305
v 6.475963E-06 272.6497 13.523729
v 7.4735835E-06 253.32356 24.832254
v -1.21829E-05 167.37158 -72.757576
v 1.0809703E-05 244.9447 47.557247
v -7.3317915E-06 127.01864 -32.15505
v 1.5841662E-05 236.34166 80.75138
v -1.5167251E-06 85.631294 14.641744
v 1.8309613E-05 231.61177 97.16857
v 6.876478E-06 78.34603 68.11348
v 2.036587E-05 225.5726 111.41009
v 1.5895226E-05 96.02152 118.72786
v 2.48512E-05 211.53601 142.70685
v 2.1329848E-05 109.9948 148.33632
v 2.7718997E-05 203.03021 162.59135
v 2.5588564E-05 134.09033 168.01132
v 2.990064E-05 193.03319 178.66437
v 2.848609E-05 145.59381 182.70985
v 3.2085954E-05 186.15166 193.92404
v 3.0916235E-05 153.67201 195.4586
v 3.3635824E-05 185.25163 203.67856
v 3.268556E-05 157.738 205.22774
v 3.540578E-05 182.29456 215.33586
v 3.4841698E-05 163.52298 216.90991
v 3.686774E-05 173.6257 226.63513
v 3.6738777E-05 170.8533 226.58739
v -4.872275E-06 275.94595 -57.015648
v 6.409752E-06 282.20407 10.553905
v -2.8241684E-06 291.39587 -48.58964
v 6.358338E-06 293.471 7.2154164
v -2.9751945E-07 317.65887 -40.127514
v 7.4192876E-06 319.68286 6.6948767
v 2.2560623E-06 345.94852 -32.043808
v 8.643901E-06 349.02573 6.3388534
v 2.722499E-06 364.94263 -34.276936
v 9.3344415E-06 370.71805 4.757343
v 2.3321372E-06 379.83987 -40.66987
v 9.557448E-06 391.83307 0.46101394
v 2.1621254E-06 382.5313 -42.435505
v 9.195053E-06 407.34482 -5.9251313
v 1.8394452E-06 384.4628 -44.93432
v 7.4922577E-06 422.35977 -20.405313
v 1.4549814E-06 385.45364 -47.559986
v 5.434674E-06 431.20935 -35.409004
v -1.5174449E-07 388.53088 -58.247612
v 2.1367632E-06 431.51816 -55.734283
v -1.6006721E-06 389.8796 -67.50293
v -9.416239E-07 419.698 -71.45796
v -2.302937E-06 392.19525 -72.434685
v -1.6952647E-06 415.18524 -74.87301
v -3.0026004E-06 393.29758 -77.02494
v -2.7314425E-06 412.12396 -80.41168
v -4.4323724E-06 394.88226 -86.22599
v -4.1277362E-06 407.11798 -87.63898
v -5.5123082E-06 394.56802 -92.77028
v -5.228692E-06 404.02985 -93.56805
v -6.3579705E-06 394.43933 -97.926384
v -6.14772E-06 400.79413 -98.34086
v -7.0095803E-06 394.6476 -101.98182
v -6.951471E-06 396.41168 -102.09844
v 48.715874 221.56273 -41.185234
v 32.315174 257.45078 -39.460327
v 60.45416 204.72163 -30.710356
v 73.60004 180.63927 -0.2698728
v 77.042534 155.21075 42.413704
v 73.099915 148.8689 77.75781
v 60.651203 152.07224 110.673294
v 41.441902 160.10092 145.3678
v 33.43869 165.41388 163.86646
v 24.075 167.72063 178.54333
v 15.573874 170.37354 193.62424
v 13.875128 172.88994 203.6113
v 11.01603 173.94597 215.15025
v 9.046156 173.65909 223.32495
v 30.371218 274.75674 -31.16892
v 29.085583 289.10815 -26.965216
v 23.783371 316.63458 -21.237053
v 19.31023 346.68018 -16.661932
v 16.98291 367.57516 -18.743874
v 16.768658 385.38345 -24.100693
v 17.8985 394.70895 -28.284487
v 21.15939 402.69232 -36.233795
v 18.866518 415.32074 -44.98397
v 17.850958 415.82928 -50.198574
v 15.432869 405.09586 -63.98449
v 12.80616 404.5592 -70.85105
v 9.752237 403.72202 -78.63097
v 8.973371 401.8403 -87.42586
v 7.3677998 399.48624 -93.81122
v 6.322844 397.18863 -98.87733
v 5.2424526 396.2162 -101.50292
v 36.93049 238.95488 -44.175983
v -4.747821E-06 221.37553 -41.61058
v -2.850292E-06 257.47528 -39.649143
v -3.7780599E-06 205.277 -31.33901
v 7.9499154E-07 182.74387 2.7757874
v 6.110157E-06 155.2112 42.787018
v 1.1530394E-05 148.8689 77.75782
v 1.7036755E-05 152.1575 110.6733
v 2.2904296E-05 157.3449 145.29625
v 2.6415515E-05 168.52715 163.84776
v 2.904553E-05 169.7775 179.65521
v 3.1472824E-05 172.43538 193.84074
v 3.315082E-05 174.40672 203.6113
v 3.511355E-05 175.76712 215.29344
v 3.6805897E-05 172.2575 226.62262
v -4.8432815E-07 275.4043 -29.937294
v 8.062134E-07 289.688 -25.848293
v 2.890589E-06 316.8674 -20.346693
v 4.8978295E-06 346.89236 -16.081995
v 5.4594134E-06 367.39056 -18.134657
v 5.3597164E-06 385.19028 -23.522232
v 5.043779E-06 394.56436 -27.9765
v 4.0751315E-06 402.69232 -36.102734
v 3.0709668E-06 406.64536 -43.32684
v 1.2638405E-06 407.48575 -54.644386
v -5.70109E-07 404.9091 -65.20977
v -1.6291375E-06 404.3429 -71.55813
v -2.8452066E-06 402.87723 -78.629074
v -4.2798656E-06 401.15698 -86.973404
v -5.3677018E-06 399.4008 -93.17931
v -6.2524055E-06 397.72147 -98.15903
v -6.9806683E-06 395.5338 -102.04212
v -4.505282E-06 238.71017 -44.772747
v 5.2488017 395.26236 -98.7788
v 6.079877 397.17773 -98.8188
v 5.185325 412.07538 -80.49046
v 4.4523983 406.85977 -87.877754
v 6.250626 365.79495 -32.788742
v 6.8739204 346.82047 -30.106403
v 12.374116 250.98048 -70.371925
v 14.505037 224.12444 -80.397606
v 4.6161175 395.96326 -86.521225
v 4.751444 394.44193 -76.928734
v 9.311645 147.0007 181.31944
v 6.8534617 155.08989 194.47719
v 5.693433 370.68427 2.9579105
v 5.4722 391.77582 -1.3256538
v 6.7737627 184.6059 193.91032
v 11.186404 190.33385 178.38857
v 3.441005 403.37997 -93.77042
v 5.670991 380.87686 -39.484905
v 18.800741 198.88802 -82.262085
v 22.535395 173.51094 -70.46845
v 3.410971 395.23334 -93.12182
v 5.7732873 158.71614 204.4237
v 18.88682 252.51865 22.488974
v 17.42435 258.20618 17.927328
v 5.2226124 407.13593 -7.525308
v 5.8729715 184.1877 203.67856
v 2.8304734 399.96265 -98.5229
v 5.902821 383.65622 -41.288414
v 27.363876 132.22025 -32.43993
v 2.7239544 394.93518 -98.36209
v 5.640535 164.08533 216.12946
v 22.930735 242.05916 42.74066
v 2.4810114 396.78522 -101.80934
v 2.430942 395.1687 -101.72724
v 6.325084 422.16064 -22.111128
v 5.326442 181.19159 215.33586
v 6.17068 385.7414 -43.926796
v 4.7384553 172.03018 225.83893
v 4.7464733 174.36646 225.85703
v 26.083172 88.87897 25.505144
v 20.10345 233.27223 79.31147
v 16.168156 264.3237 13.075617
v 15.2837105 271.14398 9.74945
v 6.3839893 430.37405 -36.253277
v 6.3130145 386.7904 -46.488113
v 26.197868 85.06084 58.48296
v 14.384906 280.66995 6.4264827
v 19.199165 228.48872 95.74541
v 6.6268954 430.60468 -55.436424
v 10.532668 275.617 -54.5134
v 6.2263184 390.3218 -57.482197
v 13.464861 99.03062 118.26804
v 13.863998 292.12427 3.1111777
v 17.572693 222.63689 110.088524
v 6.0265164 419.36737 -71.15327
v 9.56346 291.72845 -46.51586
v 5.6281734 391.69296 -67.11708
v 13.40338 113.2556 148.10358
v 11.962847 317.89044 2.3912404
v 13.320901 208.78477 142.6562
v 5.8161783 415.14355 -74.90247
v 8.293043 317.73077 -38.87275
v 5.344995 393.13608 -72.27057
v 8.168048 135.63115 166.78279
v 7.4100294 348.96762 3.9206233
v 12.630101 200.41336 162.50179
v 4.7425265 173.20566 225.84796
v 2.6404018 396.06964 -101.81023
v 36.99886 91.13777 69.31176
v 52.268837 105.88201 16.74403
v 17.962223 89.259705 14.311119
v 14.885328 80.92206 68.36762
v 35.858986 78.16804 59.34486
v 39.270687 76.550316 37.618652
v 28.585527 71.5311 38.311306
v 28.825678 75.14038 60.5574
v 35.830536 58.786438 51.47812
v 37.201168 60.68683 39.126255
v 30.530273 59.74901 38.67876
v 31.293194 57.944748 51.19469
v 36.227676 44.057755 48.067204
v 37.813004 45.5681 35.226437
v 29.040466 44.49481 35.93556
v 31.137718 43.73121 49.12399
v 36.7931 21.175108 48.965572
v 38.549683 26.57598 28.142313
v 26.627026 26.503872 26.326002
v 29.472733 21.374577 48.385128
v 37.373737 12.306893 43.57184
v 41.76996 19.875822 24.799967
v 20.637589 18.431328 23.730179
v 25.18253 12.62704 43.25252
v 37.277905 0.42766207 29.214088
v 45.629684 14.077861 19.791346
v 17.125273 13.45734 17.60697
v 19.756783 0.14698432 27.213902
v 44.314568 0.38556242 10.009842
v 47.688545 10.35032 6.8272796
v 16.801443 9.494561 3.0521274
v 18.807323 -0.37732434 6.670058
v 50.219353 0.05944231 -6.7651725
v 53.278713 6.516183 -7.0036125
v 15.239024 7.45678 -11.804007
v 18.400349 -0.36296085 -11.669592
v 47.814255 0.3192841 -22.0405
v 53.84619 4.0734906 -20.816109
v 18.659986 5.156329 -26.552395
v 24.143902 0.437615 -26.04918
v 22.880913 406.64536 -43.286186
v 13.116203 427.47995 -38.559204
v 19.432716 407.4792 -53.754536
v 13.212782 428.47336 -55.230534
v 17.758102 418.42487 -44.030445
v 16.932602 419.03232 -51.17716
v 16.699768 422.86316 -47.00986
v 17.998098 414.78085 -47.717003
v 17.489586 418.7636 -47.35619
# 522 vertices

vn -0.8348649 0.36119115 -0.41538104
vn -0.8348649 0.36119115 -0.41538104
vn -0.8348649 0.36119115 -0.41538104
vn -0.8348649 0.36119115 -0.41538104
vn -0.8485544 0.52812487 -0.03224319
vn -0.8485544 0.52812487 -0.03224319
vn -0.8485544 0.52812487 -0.03224319
vn -0.8485544 0.52812487 -0.03224319
vn -0.8616431 0.50642675 -0.03321709
vn -0.8616431 0.50642675 -0.03321709
vn -0.8616431 0.50642675 -0.03321709
vn -0.8616431 0.50642675 -0.03321709
vn -0.9231206 0.3731369 0.09282834
vn -0.9231206 0.3731369 0.09282834
vn -0.9231206 0.3731369 0.09282834
vn -0.9231206 0.3731369 0.09282834
vn -0.9314361 0.3123403 0.18673567
vn -0.9314361 0.3123403 0.18673567
vn -0.9314361 0.3123403 0.18673567
vn -0.9314361 0.3123403 0.18673567
vn -0.89076084 0.28995666 0.34995753
vn -0.89076084 0.28995666 0.34995753
vn -0.89076084 0.28995666 0.34995753
vn -0.89076084 0.28995666 0.34995753
vn -0.86475015 0.29775342 0.40441325
vn -0.86475015 0.29775342 0.40441325
vn -0.86475015 0.29775342 0.40441325
vn -0.86475015 0.29775342 0.40441325
vn -0.91337854 0.28918618 0.28655013
vn -0.91337854 0.28918618 0.28655013
vn -0.91337854 0.28918618 0.28655013
vn -0.91337854 0.28918618 0.28655013
vn -0.8990408 0.1970194 0.39103577
vn -0.8990408 0.1970194 0.39103577
vn -0.8990408 0.1970194 0.39103577
vn -0.8990408 0.1970194 0.39103577
vn -0.8660813 0.09916692 0.4899684
vn -0.8660813 0.09916692 0.4899684
vn -0.8660813 0.09916692 0.4899684
vn -0.8660813 0.09916692 0.4899684
vn -0.97202635 0.17392915 0.15783976
vn -0.97202635 0.17392915 0.15783976
vn -0.97202635 0.17392915 0.15783976
vn -0.97202635 0.17392915 0.15783976
vn -0.97446936 0.14544295 0.17104343
vn -0.97446936 0.14544295 0.17104343
vn -0.97446936 0.14544295 0.17104343
vn -0.97446936 0.14544295 0.17104343
vn -0.9724988 0.029242456 0.23106484
vn -0.9724988 0.029242456 0.23106484
vn -0.9724988 0.029242456 0.23106484
vn -0.9724988 0.029242456 0.23106484
vn -0.862066 0.3310634 -0.38371763
vn -0.862066 0.3310634 -0.38371763
vn -0.862066 0.3310634 -0.38371763
vn -0.862066 0.3310634 -0.38371763
vn -0.8393447 0.2813073 -0.4651524
vn -0.8393447 0.2813073 -0.4651524
vn -0.8393447 0.2813073 -0.4651524
vn -0.8393447 0.2813073 -0.4651524
vn -0.82315636 0.2539243 -0.5078741
vn -0.82315636 0.2539243 -0.5078741
vn -0.82315636 0.2539243 -0.5078741
vn -0.82315636 0.2539243 -0.5078741
vn -0.82505244 0.21594585 -0.52216464
vn -0.82505244 0.21594585 -0.52216464
vn -0.82505244 0.21594585 -0.52216464
vn -0.82505244 0.21594585 -0.52216464
vn -0.8733495 -0.0056752698 -0.4870612
vn -0.8733495 -0.0056752698 -0.4870612
vn -0.8733495 -0.0056752698 -0.4870612
vn -0.8733495 -0.0056752698 -0.4870612
vn -0.9221806 -0.116963275 -0.36864948
vn -0.9221806 -0.116963275 -0.36864948
vn -0.9221806 -0.116963275 -0.36864948
vn -0.9221806 -0.116963275 -0.36864948
vn -0.91857374 -0.27397007 -0.2848907
vn -0.91857374 -0.27397007 -0.2848907
vn -0.91857374 -0.27397007 -0.2848907
vn -0.91857374 -0.27397007 -0.2848907
vn -0.88603294 -0.45015877 -0.11091799
vn -0.88603294 -0.45015877 -0.11091799
vn -0.88603294 -0.45015877 -0.11091799
vn -0.88603294 -0.45015877 -0.11091799
vn -0.8763639 -0.47820666 -0.057487935
vn -0.8763639 -0.47820666 -0.057487935
vn -0.8763639 -0.47820666 -0.057487935
vn -0.8763639 -0.47820666 -0.057487935
vn -0.85652435 -0.43251696 -0.281594
vn -0.85652435 -0.43251696 -0.281594
vn -0.85652435 -0.43251696 -0.281594
vn -0.85652435 -0.43251696 -0.281594
vn -0.90173894 -0.39249393 -0.18115026
vn -0.90173894 -0.39249393 -0.18115026
vn -0.90173894 -0.39249393 -0.18115026
vn -0.90173894 -0.39249393 -0.18115026
vn -0.93025905 -0.27356917 -0.24449533
vn -0.93025905 -0.27356917 -0.24449533
vn -0.93025905 -0.27356917 -0.24449533
vn -0.93025905 -0.27356917 -0.24449533
vn -0.93459916 -0.17964411 -0.30700564
vn -0.93459916 -0.17964411 -0.30700564
vn -0.93459916 -0.17964411 -0.30700564
vn -0.93459916 -0.17964411 -0.30700564
vn -0.9940746 -0.08694468 -0.06524053
vn -0.9940746 -0.08694468 -0.06524053
vn -0.9940746 -0.08694468 -0.06524053
vn -0.9940746 -0.08694468 -0.06524053
vn -0.9574376 -0.17417035 -0.23016965
vn -0.9574376 -0.17417035 -0.23016965
vn -0.9574376 -0.17417035 -0.23016965
vn -0.9574376 -0.17417035 -0.23016965
vn -0.932026 -0.3477844 -0.10185016
vn -0.932026 -0.3477844 -0.10185016
vn -0.932026 -0.3477844 -0.10185016
vn -0.932026 -0.3477844 -0.10185016
vn -0.8414497 -0.50936174 -0.18031426
vn -0.8414497 -0.50936174 -0.18031426
vn -0.8414497 -0.50936174 -0.18031426
vn -0.8414497 -0.50936174 -0.18031426
vn -0.83033013 0.28732437 -0.47748983
vn -0.83033013 0.28732437 -0.47748983
vn -0.83033013 0.28732437 -0.47748983
vn -0.83033013 0.28732437 -0.47748983
vn -0.007187959 0.8192681 -0.57336557
vn -0.007187959 0.8192681 -0.57336557
vn -0.007187959 0.8192681 -0.57336557
vn -0.007187959 0.8192681 -0.57336557
vn -0.26540625 -0.11949904 -0.95670235
vn -0.26540625 -0.11949904 -0.95670235
vn -0.26540625 -0.11949904 -0.95670235
vn -0.26540625 -0.11949904 -0.95670235
vn -0.30740297 0.35012355 -0.8848259
vn -0.30740297 0.35012355 -0.8848259
vn -0.30740297 0.35012355 -0.8848259
vn -0.30740297 0.35012355 -0.8848259
vn -0.22490285 -0.9610787 -0.16045702
vn -0.22490285 -0.9610787 -0.16045702
vn -0.22490285 -0.9610787 -0.16045702
vn -0.22490285 -0.9610787 -0.16045702
vn -0.22087736 -0.81784993 0.53135175
vn -0.22087736 -0.81784993 0.53135175
vn -0.22087736 -0.81784993 0.53135175
vn -0.22087736 -0.81784993 0.53135175
vn -0.30154628 0.19145381 0.9340318
vn -0.30154628 0.19145381 0.9340318
vn -0.30154628 0.19145381 0.9340318
vn -0.30154628 0.19145381 0.9340318
vn -0.2172159 0.8919559 0.39652485
vn -0.2172159 0.8919559 0.39652485
vn -0.2172159 0.8919559 0.39652485
vn -0.2172159 0.8919559 0.39652485
vn -0.07265893 0.86918384 -0.48912185
vn -0.07265893 0.86918384 -0.48912185
vn -0.07265893 0.86918384 -0.48912185
vn -0.07265893 0.86918384 -0.48912185
vn -0.2594431 -0.38221273 -0.8869062
vn -0.2594431 -0.38221273 -0.8869062
vn -0.2594431 -0.38221273 -0.8869062
vn -0.2594431 -0.38221273 -0.8869062
vn -0.22530821 -0.40204096 -0.8874679
vn -0.22530821 -0.40204096 -0.8874679
vn -0.22530821 -0.40204096 -0.8874679
vn -0.22530821 -0.40204096 -0.8874679
vn -0.2166499 -0.9745515 0.05755196
vn -0.2166499 -0.9745515 0.05755196
vn -0.2166499 -0.9745515 0.05755196
vn -0.2166499 -0.9745515 0.05755196
vn -0.22312218 -0.90391773 0.3648962
vn -0.22312218 -0.90391773 0.3648962
vn -0.22312218 -0.90391773 0.3648962
vn -0.22312218 -0.90391773 0.3648962
vn -0.13209642 0.6210904 0.77252656
vn -0.13209642 0.6210904 0.77252656
vn -0.13209642 0.6210904 0.77252656
vn -0.13209642 0.6210904 0.77252656
vn -0.28947464 0.3633556 0.8855378
vn -0.28947464 0.3633556 0.8855378
vn -0.28947464 0.3633556 0.8855378
vn -0.28947464 0.3633556 0.8855378
vn -0.20160058 0.97657347 0.075242214
vn -0.20160058 0.97657347 0.075242214
vn -0.20160058 0.97657347 0.075242214
vn -0.20160058 0.97657347 0.075242214
vn -0.1551097 0.80521095 -0.5723429
vn -0.1551097 0.80521095 -0.5723429
vn -0.1551097 0.80521095 -0.5723429
vn -0.1551097 0.80521095 -0.5723429
vn -0.26179454 -0.535101 -0.80320024
vn -0.26179454 -0.535101 -0.80320024
vn -0.26179454 -0.535101 -0.80320024
vn -0.26179454 -0.535101 -0.80320024
vn -0.18239981 -0.67643857 -0.7135554
vn -0.18239981 -0.67643857 -0.7135554
vn -0.18239981 -0.67643857 -0.7135554
vn -0.18239981 -0.67643857 -0.7135554
vn -0.18934219 -0.98151785 0.02778893
vn -0.18934219 -0.98151785 0.02778893
vn -0.18934219 -0.98151785 0.02778893
vn -0.18934219 -0.98151785 0.02778893
vn -0.17871928 -0.8876783 0.42436615
vn -0.17871928 -0.8876783 0.42436615
vn -0.17871928 -0.8876783 0.42436615
vn -0.17871928 -0.8876783 0.42436615
vn -0.14640906 0.91099757 0.38554865
vn -0.14640906 0.91099757 0.38554865
vn -0.14640906 0.91099757 0.38554865
vn -0.14640906 0.91099757 0.38554865
vn -0.10540085 -0.024039952 -0.9941392
vn -0.10540085 -0.024039952 -0.9941392
vn -0.10540085 -0.024039952 -0.9941392
vn -0.10540085 -0.024039952 -0.9941392
vn -0.22541589 0.67318124 0.704283
vn -0.22541589 0.67318124 0.704283
vn -0.22541589 0.67318124 0.704283
vn -0.22541589 0.67318124 0.704283
vn -0.18406418 0.9513148 0.24722564
vn -0.18406418 0.9513148 0.24722564
vn -0.18406418 0.9513148 0.24722564
vn -0.18406418 0.9513148 0.24722564
vn -0.07320086 0.67806 -0.7313523
vn -0.07320086 0.67806 -0.7313523
vn -0.07320086 0.67806 -0.7313523
vn -0.07320086 0.67806 -0.7313523
vn -0.2575447 -0.7676814 -0.58680147
vn -0.2575447 -0.7676814 -0.58680147
vn -0.2575447 -0.7676814 -0.58680147
vn -0.2575447 -0.7676814 -0.58680147
vn -0.16234675 -0.017185787 0.986584
vn -0.16234675 -0.017185787 0.986584
vn -0.16234675 -0.017185787 0.986584
vn -0.16234675 -0.017185787 0.986584
vn -0.16549249 -0.747418 -0.64341176
vn -0.16549249 -0.747418 -0.64341176
vn -0.16549249 -0.747418 -0.64341176
vn -0.16549249 -0.747418 -0.64341176
vn -0.1909036 -0.9793974 -0.06585143
vn -0.1909036 -0.9793974 -0.06585143
vn -0.1909036 -0.9793974 -0.06585143
vn -0.1909036 -0.9793974 -0.06585143
vn -0.21754733 -0.761721 0.6102903
vn -0.21754733 -0.761721 0.6102903
vn -0.21754733 -0.761721 0.6102903
vn -0.21754733 -0.761721 0.6102903
vn -0.16773805 0.95494556 0.24483258
vn -0.16773805 0.95494556 0.24483258
vn -0.16773805 0.95494556 0.24483258
vn -0.16773805 0.95494556 0.24483258
vn -0.23323528 0.40534535 0.88390964
vn -0.23323528 0.40534535 0.88390964
vn -0.23323528 0.40534535 0.88390964
vn -0.23323528 0.40534535 0.88390964
vn -0.16918238 0.8503993 0.49819514
vn -0.16918238 0.8503993 0.49819514
vn -0.16918238 0.8503993 0.49819514
vn -0.16918238 0.8503993 0.49819514
vn -0.07390709 0.81219894 0.5786801
vn -0.07390709 0.81219894 0.5786801
vn -0.07390709 0.81219894 0.5786801
vn -0.07390709 0.81219894 0.5786801
vn -0.25705692 0.058987416 -0.96459424
vn -0.25705692 0.058987416 -0.96459424
vn -0.25705692 0.058987416 -0.96459424
vn -0.25705692 0.058987416 -0.96459424
vn -0.24746777 -0.903969 -0.34871164
vn -0.24746777 -0.903969 -0.34871164
vn -0.24746777 -0.903969 -0.34871164
vn -0.24746777 -0.903969 -0.34871164
vn -0.20182171 -0.97025216 -0.13371117
vn -0.20182171 -0.97025216 -0.13371117
vn -0.20182171 -0.97025216 -0.13371117
vn -0.20182171 -0.97025216 -0.13371117
vn -0.27424255 0.31282836 0.90935653
vn -0.27424255 0.31282836 0.90935653
vn -0.27424255 0.31282836 0.90935653
vn -0.27424255 0.31282836 0.90935653
vn -0.16924389 0.945423 0.2784452
vn -0.16924389 0.945423 0.2784452
vn -0.16924389 0.945423 0.2784452
vn -0.16924389 0.945423 0.2784452
vn -0.13378957 0.9909058 0.014352266
vn -0.13378957 0.9909058 0.014352266
vn -0.13378957 0.9909058 0.014352266
vn -0.13378957 0.9909058 0.014352266
vn -0.24751267 0.54956967 -0.79794145
vn -0.24751267 0.54956967 -0.79794145
vn -0.24751267 0.54956967 -0.79794145
vn -0.24751267 0.54956967 -0.79794145
vn -0.27086684 -0.9204914 -0.28165007
vn -0.27086684 -0.9204914 -0.28165007
vn -0.27086684 -0.9204914 -0.28165007
vn -0.27086684 -0.9204914 -0.28165007
vn -0.19189756 -0.9243739 0.3297092
vn -0.19189756 -0.9243739 0.3297092
vn -0.19189756 -0.9243739 0.3297092
vn -0.19189756 -0.9243739 0.3297092
vn -0.29471666 0.27477586 0.91522694
vn -0.29471666 0.27477586 0.91522694
vn -0.29471666 0.27477586 0.91522694
vn -0.29471666 0.27477586 0.91522694
vn -0.17795591 0.9049287 0.38656932
vn -0.17795591 0.9049287 0.38656932
vn -0.17795591 0.9049287 0.38656932
vn -0.17795591 0.9049287 0.38656932
vn -0.1068004 0.80080533 -0.5893256
vn -0.1068004 0.80080533 -0.5893256
vn -0.1068004 0.80080533 -0.5893256
vn -0.1068004 0.80080533 -0.5893256
vn -0.19737099 0.4572925 -0.867138
vn -0.19737099 0.4572925 -0.867138
vn -0.19737099 0.4572925 -0.867138
vn -0.19737099 0.4572925 -0.867138
vn -0.30069575 -0.9425959 -0.14524178
vn -0.30069575 -0.9425959 -0.14524178
vn -0.30069575 -0.9425959 -0.14524178
vn -0.30069575 -0.9425959 -0.14524178
vn -0.2166021 -0.8819632 0.41859818
vn -0.2166021 -0.8819632 0.41859818
vn -0.2166021 -0.8819632 0.41859818
vn -0.2166021 -0.8819632 0.41859818
vn -0.31312275 0.034103524 0.94910026
vn -0.31312275 0.034103524 0.94910026
vn -0.31312275 0.034103524 0.94910026
vn -0.31312275 0.034103524 0.94910026
vn -0.18294698 0.8964392 0.40364224
vn -0.18294698 0.8964392 0.40364224
vn -0.18294698 0.8964392 0.40364224
vn -0.18294698 0.8964392 0.40364224
vn -0.037872005 0.63309216 -0.77314943
vn -0.037872005 0.63309216 -0.77314943
vn -0.037872005 0.63309216 -0.77314943
vn -0.037872005 0.63309216 -0.77314943
vn -0.1687101 0.29400176 -0.94079745
vn -0.1687101 0.29400176 -0.94079745
vn -0.1687101 0.29400176 -0.94079745
vn -0.1687101 0.29400176 -0.94079745
vn -0.24473798 -0.90627104 -0.34463903
vn -0.24473798 -0.90627104 -0.34463903
vn -0.24473798 -0.90627104 -0.34463903
vn -0.24473798 -0.90627104 -0.34463903
vn -0.18833272 -0.6124391 0.7677559
vn -0.18833272 -0.6124391 0.7677559
vn -0.18833272 -0.6124391 0.7677559
vn -0.18833272 -0.6124391 0.7677559
vn -0.32834023 0.0063984254 0.9445379
vn -0.32834023 0.0063984254 0.9445379
vn -0.32834023 0.0063984254 0.9445379
vn -0.32834023 0.0063984254 0.9445379
vn -0.18880983 0.902658 0.38672903
vn -0.18880983 0.902658 0.38672903
vn -0.18880983 0.902658 0.38672903
vn -0.18880983 0.902658 0.38672903
vn -0.0024380465 0.87583184 -0.48261034
vn -0.0024380465 0.87583184 -0.48261034
vn -0.0024380465 0.87583184 -0.48261034
vn -0.0024380465 0.87583184 -0.48261034
vn -0.18085374 0.28123173 -0.94244397
vn -0.18085374 0.28123173 -0.94244397
vn -0.18085374 0.28123173 -0.94244397
vn -0.18085374 0.28123173 -0.94244397
vn -0.20175955 -0.94459563 -0.25890577
vn -0.20175955 -0.94459563 -0.25890577
vn -0.20175955 -0.94459563 -0.25890577
vn -0.20175955 -0.94459563 -0.25890577
vn -0.21954738 -0.77252585 0.5958211
vn -0.21954738 -0.77252585 0.5958211
vn -0.21954738 -0.77252585 0.5958211
vn -0.21954738 -0.77252585 0.5958211
vn -0.17368433 0.5815149 0.79477936
vn -0.17368433 0.5815149 0.79477936
vn -0.17368433 0.5815149 0.79477936
vn -0.17368433 0.5815149 0.79477936
vn -0.3061194 0.06776075 0.9495786
vn -0.3061194 0.06776075 0.9495786
vn -0.3061194 0.06776075 0.9495786
vn -0.3061194 0.06776075 0.9495786
vn -0.19269487 0.82697123 0.52819246
vn -0.19269487 0.82697123 0.52819246
vn -0.19269487 0.82697123 0.52819246
vn -0.19269487 0.82697123 0.52819246
vn -0.16298994 -0.008673887 0.9865896
vn -0.16298994 -0.008673887 0.9865896
vn -0.16298994 -0.008673887 0.9865896
vn -0.16298994 -0.008673887 0.9865896
vn -0.11420044 -0.09269343 -0.989124
vn -0.11420044 -0.09269343 -0.989124
vn -0.11420044 -0.09269343 -0.989124
vn -0.11420044 -0.09269343 -0.989124
vn -0.90216744 0.4309986 0.018283036
vn -0.90216744 0.4309986 0.018283036
vn -0.90216744 0.4309986 0.018283036
vn -0.90216744 0.4309986 0.018283036
vn -0.78564286 0.360743 -0.5026229
vn -0.78564286 0.360743 -0.5026229
vn -0.78564286 0.360743 -0.5026229
vn -0.78564286 0.360743 -0.5026229
vn -0.91055685 0.23388855 -0.3408554
vn -0.91055685 0.23388855 -0.3408554
vn -0.91055685 0.23388855 -0.3408554
vn -0.91055685 0.23388855 -0.3408554
vn -0.94467103 0.12303097 -0.30407223
vn -0.94467103 0.12303097 -0.30407223
vn -0.94467103 0.12303097 -0.30407223
vn -0.94467103 0.12303097 -0.30407223
vn -0.9900729 -0.005492774 -0.1404472
vn -0.9900729 -0.005492774 -0.1404472
vn -0.9900729 -0.005492774 -0.1404472
vn -0.9900729 -0.005492774 -0.1404472
vn -0.94989973 -0.042739365 -0.30961904
vn -0.94989973 -0.042739365 -0.30961904
vn -0.94989973 -0.042739365 -0.30961904
vn -0.94989973 -0.042739365 -0.30961904
vn -0.95325637 0.076503225 -0.2923175
vn -0.95325637 0.076503225 -0.2923175
vn -0.95325637 0.076503225 -0.2923175
vn -0.95325637 0.076503225 -0.2923175
vn -0.93285143 0.200637 -0.29922095
vn -0.93285143 0.200637 -0.29922095
vn -0.93285143 0.200637 -0.29922095
vn -0.93285143 0.200637 -0.29922095
vn -0.9795739 0.18848939 -0.07004769
vn -0.9795739 0.18848939 -0.07004769
vn -0.9795739 0.18848939 -0.07004769
vn -0.9795739 0.18848939 -0.07004769
vn -0.9099202 0.3200113 0.26389024
vn -0.9099202 0.3200113 0.26389024
vn -0.9099202 0.3200113 0.26389024
vn -0.9099202 0.3200113 0.26389024
vn -0.9236259 0.13698989 0.35797912
vn -0.9236259 0.13698989 0.35797912
vn -0.9236259 0.13698989 0.35797912
vn -0.9236259 0.13698989 0.35797912
vn -0.951483 0.083650194 0.29611266
vn -0.951483 0.083650194 0.29611266
vn -0.951483 0.083650194 0.29611266
vn -0.951483 0.083650194 0.29611266
vn -0.95794266 0.08336472 0.2745837
vn -0.95794266 0.08336472 0.2745837
vn -0.95794266 0.08336472 0.2745837
vn -0.95794266 0.08336472 0.2745837
vn -0.9539033 0.14279588 0.26396555
vn -0.9539033 0.14279588 0.26396555
vn -0.9539033 0.14279588 0.26396555
vn -0.9539033 0.14279588 0.26396555
vn -0.9646697 0.116805576 0.23615432
vn -0.9646697 0.116805576 0.23615432
vn -0.9646697 0.116805576 0.23615432
vn -0.9646697 0.116805576 0.23615432
vn -0.96714187 0.17466082 0.1847432
vn -0.96714187 0.17466082 0.1847432
vn -0.96714187 0.17466082 0.1847432
vn -0.96714187 0.17466082 0.1847432
vn -0.98684824 0.101695865 0.12565203
vn -0.98684824 0.101695865 0.12565203
vn -0.98684824 0.101695865 0.12565203
vn -0.98684824 0.101695865 0.12565203
vn -0.98942626 0.11984089 0.08169491
vn -0.98942626 0.11984089 0.08169491
vn -0.98942626 0.11984089 0.08169491
vn -0.98942626 0.11984089 0.08169491
vn -0.97229844 -0.009145558 0.23356406
vn -0.97229844 -0.009145558 0.23356406
vn -0.97229844 -0.009145558 0.23356406
vn -0.97229844 -0.009145558 0.23356406
vn -0.97497684 -0.13385375 0.17749183
vn -0.97497684 -0.13385375 0.17749183
vn -0.97497684 -0.13385375 0.17749183
vn -0.97497684 -0.13385375 0.17749183
vn -0.9544296 -0.20274016 0.21899894
vn -0.9544296 -0.20274016 0.21899894
vn -0.9544296 -0.20274016 0.21899894
vn -0.9544296 -0.20274016 0.21899894
vn -0.8479905 -0.22180688 0.4813665
vn -0.8479905 -0.22180688 0.4813665
vn -0.8479905 -0.22180688 0.4813665
vn -0.8479905 -0.22180688 0.4813665
vn -0.82028264 -0.37235692 0.4341505
vn -0.82028264 -0.37235692 0.4341505
vn -0.82028264 -0.37235692 0.4341505
vn -0.82028264 -0.37235692 0.4341505
vn -0.7757255 -0.39201093 0.4945477
vn -0.7757255 -0.39201093 0.4945477
vn -0.7757255 -0.39201093 0.4945477
vn -0.7757255 -0.39201093 0.4945477
vn -0.77675974 -0.42463836 0.4651092
vn -0.77675974 -0.42463836 0.4651092
vn -0.77675974 -0.42463836 0.4651092
vn -0.77675974 -0.42463836 0.4651092
vn -0.7890735 -0.5249973 0.31896845
vn -0.7890735 -0.5249973 0.31896845
vn -0.7890735 -0.5249973 0.31896845
vn -0.7890735 -0.5249973 0.31896845
vn -0.8573053 -0.5103755 0.06741313
vn -0.8573053 -0.5103755 0.06741313
vn -0.8573053 -0.5103755 0.06741313
vn -0.8573053 -0.5103755 0.06741313
vn -0.9144823 -0.31803006 -0.25015825
vn -0.9144823 -0.31803006 -0.25015825
vn -0.9144823 -0.31803006 -0.25015825
vn -0.9144823 -0.31803006 -0.25015825
vn -0.8788375 -0.11188704 -0.46381652
vn -0.8788375 -0.11188704 -0.46381652
vn -0.8788375 -0.11188704 -0.46381652
vn -0.8788375 -0.11188704 -0.46381652
vn -0.8532563 0.08927194 -0.5137938
vn -0.8532563 0.08927194 -0.5137938
vn -0.8532563 0.08927194 -0.5137938
vn -0.8532563 0.08927194 -0.5137938
vn -0.9449636 0.32458645 0.041076586
vn -0.9449636 0.32458645 0.041076586
vn -0.9449636 0.32458645 0.041076586
vn -0.9449636 0.32458645 0.041076586
vn 0.23684488 0.08256639 -0.9680327
vn 0.23684488 0.08256639 -0.9680327
vn 0.23684488 0.08256639 -0.9680327
vn 0.23684488 0.08256639 -0.9680327
vn -0.13181517 -0.14375238 -0.9807956
vn -0.13181517 -0.14375238 -0.9807956
vn -0.13181517 -0.14375238 -0.9807956
vn -0.13181517 -0.14375238 -0.9807956
vn -0.5063648 -0.008672717 0.8622757
vn -0.5063648 -0.008672717 0.8622757
vn -0.5063648 -0.008672717 0.8622757
vn -0.5063648 -0.008672717 0.8622757
vn -0.31088632 0.82132727 0.47830045
vn -0.31088632 0.82132727 0.47830045
vn -0.31088632 0.82132727 0.47830045
vn -0.31088632 0.82132727 0.47830045
vn -0.6168158 0.092227474 0.7816856
vn -0.6168158 0.092227474 0.7816856
vn -0.6168158 0.092227474 0.7816856
vn -0.6168158 0.092227474 0.7816856
vn -0.61425847 0.5650384 0.55083406
vn -0.61425847 0.5650384 0.55083406
vn -0.61425847 0.5650384 0.55083406
vn -0.61425847 0.5650384 0.55083406
vn -0.36269754 -0.74598426 0.558532
vn -0.36269754 -0.74598426 0.558532
vn -0.36269754 -0.74598426 0.558532
vn -0.36269754 -0.74598426 0.558532
vn -0.3847141 -0.86312824 -0.32711586
vn -0.3847141 -0.86312824 -0.32711586
vn -0.3847141 -0.86312824 -0.32711586
vn -0.3847141 -0.86312824 -0.32711586
vn -0.5360879 0.27383232 -0.7985147
vn -0.5360879 0.27383232 -0.7985147
vn -0.5360879 0.27383232 -0.7985147
vn -0.5360879 0.27383232 -0.7985147
vn -0.29554257 0.82101786 -0.48845086
vn -0.29554257 0.82101786 -0.48845086
vn -0.29554257 0.82101786 -0.48845086
vn -0.29554257 0.82101786 -0.48845086
vn -0.3833529 0.84007585 0.38381416
vn -0.3833529 0.84007585 0.38381416
vn -0.3833529 0.84007585 0.38381416
vn -0.3833529 0.84007585 0.38381416
vn -0.5718642 0.054446597 0.81853956
vn -0.5718642 0.054446597 0.81853956
vn -0.5718642 0.054446597 0.81853956
vn -0.5718642 0.054446597 0.81853956
vn -0.38322225 -0.5606096 0.73406917
vn -0.38322225 -0.5606096 0.73406917
vn -0.38322225 -0.5606096 0.73406917
vn -0.38322225 -0.5606096 0.73406917
vn -0.3769541 -0.8969852 -0.23091814
vn -0.3769541 -0.8969852 -0.23091814
vn -0.3769541 -0.8969852 -0.23091814
vn -0.3769541 -0.8969852 -0.23091814
vn -0.47544295 0.2841716 -0.83258665
vn -0.47544295 0.2841716 -0.83258665
vn -0.47544295 0.2841716 -0.83258665
vn -0.47544295 0.2841716 -0.83258665
vn -0.25017074 0.62882036 -0.7362062
vn -0.25017074 0.62882036 -0.7362062
vn -0.25017074 0.62882036 -0.7362062
vn -0.25017074 0.62882036 -0.7362062
vn -0.43989617 0.82003236 0.3661126
vn -0.43989617 0.82003236 0.3661126
vn -0.43989617 0.82003236 0.3661126
vn -0.43989617 0.82003236 0.3661126
vn -0.50417495 0.07707402 0.8601553
vn -0.50417495 0.07707402 0.8601553
vn -0.50417495 0.07707402 0.8601553
vn -0.50417495 0.07707402 0.8601553
vn -0.41124028 -0.8062913 0.42517716
vn -0.41124028 -0.8062913 0.42517716
vn -0.41124028 -0.8062913 0.42517716
vn -0.41124028 -0.8062913 0.42517716
vn -0.41227275 -0.90156734 -0.13117653
vn -0.41227275 -0.90156734 -0.13117653
vn -0.41227275 -0.90156734 -0.13117653
vn -0.41227275 -0.90156734 -0.13117653
vn -0.39575845 0.43555197 -0.8084984
vn -0.39575845 0.43555197 -0.8084984
vn -0.39575845 0.43555197 -0.8084984
vn -0.39575845 0.43555197 -0.8084984
vn -0.26982734 0.77834195 -0.56690127
vn -0.26982734 0.77834195 -0.56690127
vn -0.26982734 0.77834195 -0.56690127
vn -0.26982734 0.77834195 -0.56690127
vn -0.4406026 0.79352415 0.4197485
vn -0.4406026 0.79352415 0.4197485
vn -0.4406026 0.79352415 0.4197485
vn -0.4406026 0.79352415 0.4197485
vn -0.53904194 0.20879188 0.81599
vn -0.53904194 0.20879188 0.81599
vn -0.53904194 0.20879188 0.81599
vn -0.53904194 0.20879188 0.81599
vn -0.37060833 -0.8729996 0.31705055
vn -0.37060833 -0.8729996 0.31705055
vn -0.37060833 -0.8729996 0.31705055
vn -0.37060833 -0.8729996 0.31705055
vn -0.38758808 -0.86254245 -0.32526293
vn -0.38758808 -0.86254245 -0.32526293
vn -0.38758808 -0.86254245 -0.32526293
vn -0.38758808 -0.86254245 -0.32526293
vn -0.4188921 0.49489987 -0.7613169
vn -0.4188921 0.49489987 -0.7613169
vn -0.4188921 0.49489987 -0.7613169
vn -0.4188921 0.49489987 -0.7613169
vn -0.35768193 0.9331781 0.035244644
vn -0.35768193 0.9331781 0.035244644
vn -0.35768193 0.9331781 0.035244644
vn -0.35768193 0.9331781 0.035244644
vn -0.41365612 0.85345846 0.31701303
vn -0.41365612 0.85345846 0.31701303
vn -0.41365612 0.85345846 0.31701303
vn -0.41365612 0.85345846 0.31701303
vn -0.5963287 0.29021084 0.7484448
vn -0.5963287 0.29021084 0.7484448
vn -0.5963287 0.29021084 0.7484448
vn -0.5963287 0.29021084 0.7484448
vn 0.032920092 0.2662598 0.963339
vn 0.032920092 0.2662598 0.963339
vn 0.032920092 0.2662598 0.963339
vn 0.032920092 0.2662598 0.963339
vn -0.3306252 -0.89430887 -0.30149385
vn -0.3306252 -0.89430887 -0.30149385
vn -0.3306252 -0.89430887 -0.30149385
vn -0.3306252 -0.89430887 -0.30149385
vn -0.4913784 0.16785851 -0.85461736
vn -0.4913784 0.16785851 -0.85461736
vn -0.4913784 0.16785851 -0.85461736
vn -0.4913784 0.16785851 -0.85461736
vn -0.21718976 0.8032033 0.554701
vn -0.21718976 0.8032033 0.554701
vn -0.21718976 0.8032033 0.554701
vn -0.21718976 0.8032033 0.554701
vn -0.47367567 0.76179063 0.44193476
vn -0.47367567 0.76179063 0.44193476
vn -0.47367567 0.76179063 0.44193476
vn -0.47367567 0.76179063 0.44193476
vn -0.6199185 0.39952484 0.6753377
vn -0.6199185 0.39952484 0.6753377
vn -0.6199185 0.39952484 0.6753377
vn -0.6199185 0.39952484 0.6753377
vn -0.36774772 0.89233625 0.26172072
vn -0.36774772 0.89233625 0.26172072
vn -0.36774772 0.89233625 0.26172072
vn -0.36774772 0.89233625 0.26172072
vn -0.43818724 -0.6736684 0.59511596
vn -0.43818724 -0.6736684 0.59511596
vn -0.43818724 -0.6736684 0.59511596
vn -0.43818724 -0.6736684 0.59511596
vn -0.13699426 -0.9855487 -0.09963087
vn -0.13699426 -0.9855487 -0.09963087
vn -0.13699426 -0.9855487 -0.09963087
vn -0.13699426 -0.9855487 -0.09963087
vn -0.345888 -0.74390066 -0.5718158
vn -0.345888 -0.74390066 -0.5718158
vn -0.345888 -0.74390066 -0.5718158
vn -0.345888 -0.74390066 -0.5718158
vn -0.506441 -0.008575101 0.862232
vn -0.506441 -0.008575101 0.862232
vn -0.506441 -0.008575101 0.862232
vn -0.506441 -0.008575101 0.862232
vn -0.37955943 -0.7405264 -0.5545766
vn -0.37955943 -0.7405264 -0.5545766
vn -0.37955943 -0.7405264 -0.5545766
vn -0.37955943 -0.7405264 -0.5545766
vn -0.09203868 0.70967597 -0.6984903
vn -0.09203868 0.70967597 -0.6984903
vn -0.09203868 0.70967597 -0.6984903
vn -0.09203868 0.70967597 -0.6984903
vn -0.18943879 0.9468802 0.25986648
vn -0.18943879 0.9468802 0.25986648
vn -0.18943879 0.9468802 0.25986648
vn -0.18943879 0.9468802 0.25986648
vn -0.50775284 0.5786875 0.6382068
vn -0.50775284 0.5786875 0.6382068
vn -0.50775284 0.5786875 0.6382068
vn -0.50775284 0.5786875 0.6382068
vn -0.12749693 0.08667196 -0.98804486
vn -0.12749693 0.08667196 -0.98804486
vn -0.12749693 0.08667196 -0.98804486
vn -0.12749693 0.08667196 -0.98804486
vn -0.41846806 0.86781806 0.267911
vn -0.41846806 0.86781806 0.267911
vn -0.41846806 0.86781806 0.267911
vn -0.41846806 0.86781806 0.267911
vn -0.46710184 -0.8021196 0.37204823
vn -0.46710184 -0.8021196 0.37204823
vn -0.46710184 -0.8021196 0.37204823
vn -0.46710184 -0.8021196 0.37204823
vn -0.18128642 -0.98195446 0.05385819
vn -0.18128642 -0.98195446 0.05385819
vn -0.18128642 -0.98195446 0.05385819
vn -0.18128642 -0.98195446 0.05385819
vn -0.36049214 -0.571276 -0.7373527
vn -0.36049214 -0.571276 -0.7373527
vn -0.36049214 -0.571276 -0.7373527
vn -0.36049214 -0.571276 -0.7373527
vn -0.38577136 -0.54696435 -0.742974
vn -0.38577136 -0.54696435 -0.742974
vn -0.38577136 -0.54696435 -0.742974
vn -0.38577136 -0.54696435 -0.742974
vn -0.13534328 0.80078775 -0.58345634
vn -0.13534328 0.80078775 -0.58345634
vn -0.13534328 0.80078775 -0.58345634
vn -0.13534328 0.80078775 -0.58345634
vn -0.20193097 0.97825086 0.047423415
vn -0.20193097 0.97825086 0.047423415
vn -0.20193097 0.97825086 0.047423415
vn -0.20193097 0.97825086 0.047423415
vn -0.5759416 0.28521323 0.7661231
vn -0.5759416 0.28521323 0.7661231
vn -0.5759416 0.28521323 0.7661231
vn -0.5759416 0.28521323 0.7661231
vn -0.5962345 0.61399037 0.51722366
vn -0.5962345 0.61399037 0.51722366
vn -0.5962345 0.61399037 0.51722366
vn -0.5962345 0.61399037 0.51722366
vn -0.4803394 -0.80844426 0.3401349
vn -0.4803394 -0.80844426 0.3401349
vn -0.4803394 -0.80844426 0.3401349
vn -0.4803394 -0.80844426 0.3401349
vn -0.35608727 -0.92885655 0.10211463
vn -0.35608727 -0.92885655 0.10211463
vn -0.35608727 -0.92885655 0.10211463
vn -0.35608727 -0.92885655 0.10211463
vn -0.5215839 -0.25335518 -0.81471556
vn -0.5215839 -0.25335518 -0.81471556
vn -0.5215839 -0.25335518 -0.81471556
vn -0.5215839 -0.25335518 -0.81471556
vn -0.4119383 -0.36476338 -0.83501774
vn -0.4119383 -0.36476338 -0.83501774
vn -0.4119383 -0.36476338 -0.83501774
vn -0.4119383 -0.36476338 -0.83501774
vn -0.19537412 0.8379065 -0.5096487
vn -0.19537412 0.8379065 -0.5096487
vn -0.19537412 0.8379065 -0.5096487
vn -0.19537412 0.8379065 -0.5096487
vn -0.21709122 0.8964902 0.38623396
vn -0.21709122 0.8964902 0.38623396
vn -0.21709122 0.8964902 0.38623396
vn -0.21709122 0.8964902 0.38623396
vn -0.6362134 0.16007303 0.75472456
vn -0.6362134 0.16007303 0.75472456
vn -0.6362134 0.16007303 0.75472456
vn -0.6362134 0.16007303 0.75472456
vn -0.40824702 -0.7254235 0.5541617
vn -0.40824702 -0.7254235 0.5541617
vn -0.40824702 -0.7254235 0.5541617
vn -0.40824702 -0.7254235 0.5541617
vn -0.4305465 -0.89204973 -0.13739441
vn -0.4305465 -0.89204973 -0.13739441
vn -0.4305465 -0.89204973 -0.13739441
vn -0.4305465 -0.89204973 -0.13739441
vn -0.46632743 0.35828564 -0.80880785
vn -0.46632743 0.35828564 -0.80880785
vn -0.46632743 0.35828564 -0.80880785
vn -0.46632743 0.35828564 -0.80880785
vn -0.5249344 -0.13382624 -0.8405559
vn -0.5249344 -0.13382624 -0.8405559
vn -0.5249344 -0.13382624 -0.8405559
vn -0.5249344 -0.13382624 -0.8405559
vn -0.25701535 0.7895954 -0.55720943
vn -0.25701535 0.7895954 -0.55720943
vn -0.25701535 0.7895954 -0.55720943
vn -0.25701535 0.7895954 -0.55720943
vn -0.73223585 -0.68074477 0.020424603
vn -0.73223585 -0.68074477 0.020424603
vn -0.73223585 -0.68074477 0.020424603
vn -0.73223585 -0.68074477 0.020424603
vn -0.4182086 -0.8489107 -0.32319054
vn -0.4182086 -0.8489107 -0.32319054
vn -0.4182086 -0.8489107 -0.32319054
vn -0.4182086 -0.8489107 -0.32319054
vn -0.4053871 -0.9105225 0.08130258
vn -0.4053871 -0.9105225 0.08130258
vn -0.4053871 -0.9105225 0.08130258
vn -0.4053871 -0.9105225 0.08130258
vn -0.2121992 -0.9692791 -0.124376476
vn -0.2121992 -0.9692791 -0.124376476
vn -0.2121992 -0.9692791 -0.124376476
vn -0.2121992 -0.9692791 -0.124376476
vn -0.13316767 -0.12796447 0.9827978
vn -0.13316767 -0.12796447 0.9827978
vn -0.13316767 -0.12796447 0.9827978
vn -0.13316767 -0.12796447 0.9827978
vn -0.9740265 -0.032369956 0.2241084
vn -0.9740265 -0.032369956 0.2241084
vn -0.9740265 -0.032369956 0.2241084
vn -0.9740265 -0.032369956 0.2241084
vn 0.9741642 -0.22235045 -0.039552443
vn 0.9741642 -0.22235045 -0.039552443
vn 0.9741642 -0.22235045 -0.039552443
vn 0.9741642 -0.22235045 -0.039552443
vn -0.25999057 -0.6334384 -0.7288079
vn -0.25999057 -0.6334384 -0.7288079
vn -0.25999057 -0.6334384 -0.7288079
vn -0.25999057 -0.6334384 -0.7288079
vn 0.9998987 0.0138801765 0.0031620648
vn 0.9998987 0.0138801765 0.0031620648
vn 0.9998987 0.0138801765 0.0031620648
vn 0.9998987 0.0138801765 0.0031620648
vn -0.97194815 0.006313763 0.23511073
vn -0.97194815 0.006313763 0.23511073
vn -0.97194815 0.006313763 0.23511073
vn -0.97194815 0.006313763 0.23511073
vn 0.97873485 -0.20131359 -0.039383415
vn 0.97873485 -0.20131359 -0.039383415
vn 0.97873485 -0.20131359 -0.039383415
vn 0.97873485 -0.20131359 -0.039383415
vn -0.06726822 -0.38546574 -0.92026687
vn -0.06726822 -0.38546574 -0.92026687
vn -0.06726822 -0.38546574 -0.92026687
vn -0.06726822 -0.38546574 -0.92026687
vn 0.061865184 0.3094357 0.9489058
vn 0.061865184 0.3094357 0.9489058
vn 0.061865184 0.3094357 0.9489058
vn 0.061865184 0.3094357 0.9489058
vn -0.03972856 -0.21195036 -0.9764726
vn -0.03972856 -0.21195036 -0.9764726
vn -0.03972856 -0.21195036 -0.9764726
vn -0.03972856 -0.21195036 -0.9764726
vn 0.0062491796 0.19611569 0.98056084
vn 0.0062491796 0.19611569 0.98056084
vn 0.0062491796 0.19611569 0.98056084
vn 0.0062491796 0.19611569 0.98056084
vn -0.9493467 0.14005698 0.28129137
vn -0.9493467 0.14005698 0.28129137
vn -0.9493467 0.14005698 0.28129137
vn -0.9493467 0.14005698 0.28129137
vn -0.86159104 0.25465715 0.43910196
vn -0.86159104 0.25465715 0.43910196
vn -0.86159104 0.25465715 0.43910196
vn -0.86159104 0.25465715 0.43910196
vn -0.93390685 0.14795908 0.32546312
vn -0.93390685 0.14795908 0.32546312
vn -0.93390685 0.14795908 0.32546312
vn -0.93390685 0.14795908 0.32546312
vn 0.9985391 0.053427223 0.008079612
vn 0.9985391 0.053427223 0.008079612
vn 0.9985391 0.053427223 0.008079612
vn 0.9985391 0.053427223 0.008079612
vn -0.10626053 -0.032216895 -0.9938163
vn -0.10626053 -0.032216895 -0.9938163
vn -0.10626053 -0.032216895 -0.9938163
vn -0.10626053 -0.032216895 -0.9938163
vn 0.96877927 0.14594458 0.20041752
vn 0.96877927 0.14594458 0.20041752
vn 0.96877927 0.14594458 0.20041752
vn 0.96877927 0.14594458 0.20041752
vn 0.87440133 0.46018156 0.15380281
vn 0.87440133 0.46018156 0.15380281
vn 0.87440133 0.46018156 0.15380281
vn 0.87440133 0.46018156 0.15380281
vn -0.14869599 0.027703535 -0.9884948
vn -0.14869599 0.027703535 -0.9884948
vn -0.14869599 0.027703535 -0.9884948
vn -0.14869599 0.027703535 -0.9884948
vn 0.1511479 -0.16062684 0.9753734
vn 0.1511479 -0.16062684 0.9753734
vn 0.1511479 -0.16062684 0.9753734
vn 0.1511479 -0.16062684 0.9753734
vn -0.011194519 -0.99282646 0.11903905
vn -0.011194519 -0.99282646 0.11903905
vn -0.011194519 -0.99282646 0.11903905
vn -0.011194519 -0.99282646 0.11903905
vn -0.0933616 0.51694405 -0.85091275
vn -0.0933616 0.51694405 -0.85091275
vn -0.0933616 0.51694405 -0.85091275
vn -0.0933616 0.51694405 -0.85091275
vn 0.15190585 -0.5534474 0.81891423
vn 0.15190585 -0.5534474 0.81891423
vn 0.15190585 -0.5534474 0.81891423
vn 0.15190585 -0.5534474 0.81891423
vn -0.81912 0.00019995299 0.57362205
vn -0.81912 0.00019995299 0.57362205
vn -0.81912 0.00019995299 0.57362205
vn -0.81912 0.00019995299 0.57362205
vn 0.9593949 -0.28203976 -0.003886011
vn 0.9593949 -0.28203976 -0.003886011
vn 0.9593949 -0.28203976 -0.003886011
vn 0.9593949 -0.28203976 -0.003886011
vn -0.8508026 -0.18515803 0.49178383
vn -0.8508026 -0.18515803 0.49178383
vn -0.8508026 -0.18515803 0.49178383
vn -0.8508026 -0.18515803 0.49178383
vn 0.97955734 -0.18650953 -0.07537673
vn 0.97955734 -0.18650953 -0.07537673
vn 0.97955734 -0.18650953 -0.07537673
vn 0.97955734 -0.18650953 -0.07537673
vn -0.034320056 0.91704917 -0.39729467
vn -0.034320056 0.91704917 -0.39729467
vn -0.034320056 0.91704917 -0.39729467
vn -0.034320056 0.91704917 -0.39729467
vn -0.054887343 0.9777958 -0.20224419
vn -0.054887343 0.9777958 -0.20224419
vn -0.054887343 0.9777958 -0.20224419
vn -0.054887343 0.9777958 -0.20224419
vn -0.037379388 0.96224964 -0.26958907
vn -0.037379388 0.96224964 -0.26958907
vn -0.037379388 0.96224964 -0.26958907
vn -0.037379388 0.96224964 -0.26958907
vn -0.01107777 -0.9943745 0.10534083
vn -0.01107777 -0.9943745 0.10534083
vn -0.01107777 -0.9943745 0.10534083
vn -0.01107777 -0.9943745 0.10534083
vn -0.9115123 -0.20118736 0.3587045
vn -0.9115123 -0.20118736 0.3587045
vn -0.9115123 -0.20118736 0.3587045
vn -0.9115123 -0.20118736 0.3587045
vn -0.16761641 -0.26636156 -0.94918704
vn -0.16761641 -0.26636156 -0.94918704
vn -0.16761641 -0.26636156 -0.94918704
vn -0.16761641 -0.26636156 -0.94918704
vn -0.0073722918 -0.99901015 0.043868747
vn -0.0073722918 -0.99901015 0.043868747
vn -0.0073722918 -0.99901015 0.043868747
vn -0.0073722918 -0.99901015 0.043868747
vn -0.7953261 -0.6061674 0.004175051
vn -0.7953261 -0.6061674 0.004175051
vn -0.7953261 -0.6061674 0.004175051
vn -0.7953261 -0.6061674 0.004175051
vn 0.7869896 -0.592443 -0.17221698
vn 0.7869896 -0.592443 -0.17221698
vn 0.7869896 -0.592443 -0.17221698
vn 0.7869896 -0.592443 -0.17221698
vn -0.91459155 0.39681408 0.077851206
vn -0.91459155 0.39681408 0.077851206
vn -0.91459155 0.39681408 0.077851206
vn -0.91459155 0.39681408 0.077851206
vn -0.91459155 0.39681408 0.077851206
vn -0.93907785 0.2581697 -0.2268945
vn -0.93907785 0.2581697 -0.2268945
vn -0.93907785 0.2581697 -0.2268945
vn -0.93907785 0.2581697 -0.2268945
vn -0.93907785 0.2581697 -0.2268945
vn -0.86824393 0.4951513 0.031266775
vn -0.86824393 0.4951513 0.031266775
vn -0.86824393 0.4951513 0.031266775
vn -0.86824393 0.4951513 0.031266775
vn -0.86824393 0.4951513 0.031266775
vn -0.9089786 0.34662676 -0.23153354
vn -0.9089786 0.34662676 -0.23153354
vn -0.9089786 0.34662676 -0.23153354
vn -0.9089786 0.34662676 -0.23153354
vn -0.9089786 0.34662676 -0.23153354
vn -0.9497604 0.25129524 -0.18656366
vn -0.9497604 0.25129524 -0.18656366
vn -0.9497604 0.25129524 -0.18656366
vn -0.9497604 0.25129524 -0.18656366
vn -0.95961237 0.2733829 0.0663768
vn -0.95961237 0.2733829 0.0663768
vn -0.95961237 0.2733829 0.0663768
vn -0.95961237 0.2733829 0.0663768
vn -0.963969 0.2204866 -0.14882655
vn -0.963969 0.2204866 -0.14882655
vn -0.963969 0.2204866 -0.14882655
vn -0.963969 0.2204866 -0.14882655
vn 0.8862832 0.297777 -0.3547265
vn 0.8862832 0.297777 -0.3547265
vn 0.8862832 0.297777 -0.3547265
vn 0.8862832 0.297777 -0.3547265
vn 0.8474904 0.5296641 -0.03487155
vn 0.8474904 0.5296641 -0.03487155
vn 0.8474904 0.5296641 -0.03487155
vn 0.8474904 0.5296641 -0.03487155
vn 0.8616431 0.50642663 -0.033217374
vn 0.8616431 0.50642663 -0.033217374
vn 0.8616431 0.50642663 -0.033217374
vn 0.8616431 0.50642663 -0.033217374
vn 0.92312074 0.37313682 0.09282804
vn 0.92312074 0.37313682 0.09282804
vn 0.92312074 0.37313682 0.09282804
vn 0.92312074 0.37313682 0.09282804
vn 0.93143624 0.31234023 0.18673538
vn 0.93143624 0.31234023 0.18673538
vn 0.93143624 0.31234023 0.18673538
vn 0.93143624 0.31234023 0.18673538
vn 0.89076096 0.28995657 0.34995726
vn 0.89076096 0.28995657 0.34995726
vn 0.89076096 0.28995657 0.34995726
vn 0.89076096 0.28995657 0.34995726
vn 0.8647504 0.29775333 0.40441293
vn 0.8647504 0.29775333 0.40441293
vn 0.8647504 0.29775333 0.40441293
vn 0.8647504 0.29775333 0.40441293
vn 0.91337866 0.28918612 0.28654984
vn 0.91337866 0.28918612 0.28654984
vn 0.91337866 0.28918612 0.28654984
vn 0.91337866 0.28918612 0.28654984
vn 0.89904094 0.19701944 0.39103562
vn 0.89904094 0.19701944 0.39103562
vn 0.89904094 0.19701944 0.39103562
vn 0.89904094 0.19701944 0.39103562
vn 0.8660814 0.09916684 0.48996812
vn 0.8660814 0.09916684 0.48996812
vn 0.8660814 0.09916684 0.48996812
vn 0.8660814 0.09916684 0.48996812
vn 0.97202647 0.17392908 0.15783946
vn 0.97202647 0.17392908 0.15783946
vn 0.97202647 0.17392908 0.15783946
vn 0.97202647 0.17392908 0.15783946
vn 0.9744694 0.14544284 0.17104304
vn 0.9744694 0.14544284 0.17104304
vn 0.9744694 0.14544284 0.17104304
vn 0.9744694 0.14544284 0.17104304
vn 0.972499 0.029242272 0.23106422
vn 0.972499 0.029242272 0.23106422
vn 0.972499 0.029242272 0.23106422
vn 0.972499 0.029242272 0.23106422
vn 0.8665303 0.32436708 -0.37935632
vn 0.8665303 0.32436708 -0.37935632
vn 0.8665303 0.32436708 -0.37935632
vn 0.8665303 0.32436708 -0.37935632
vn 0.8393444 0.28130728 -0.46515277
vn 0.8393444 0.28130728 -0.46515277
vn 0.8393444 0.28130728 -0.46515277
vn 0.8393444 0.28130728 -0.46515277
vn 0.82315624 0.25392425 -0.50787437
vn 0.82315624 0.25392425 -0.50787437
vn 0.82315624 0.25392425 -0.50787437
vn 0.82315624 0.25392425 -0.50787437
vn 0.82505226 0.21594578 -0.5221649
vn 0.82505226 0.21594578 -0.5221649
vn 0.82505226 0.21594578 -0.5221649
vn 0.82505226 0.21594578 -0.5221649
vn 0.87334937 -0.005675346 -0.4870615
vn 0.87334937 -0.005675346 -0.4870615
vn 0.87334937 -0.005675346 -0.4870615
vn 0.87334937 -0.005675346 -0.4870615
vn 0.9221806 -0.11696336 -0.3686497
vn 0.9221806 -0.11696336 -0.3686497
vn 0.9221806 -0.11696336 -0.3686497
vn 0.9221806 -0.11696336 -0.3686497
vn 0.9185735 -0.2739701 -0.28489134
vn 0.9185735 -0.2739701 -0.28489134
vn 0.9185735 -0.2739701 -0.28489134
vn 0.9185735 -0.2739701 -0.28489134
vn 0.88603276 -0.45015895 -0.110917956
vn 0.88603276 -0.45015895 -0.110917956
vn 0.88603276 -0.45015895 -0.110917956
vn 0.88603276 -0.45015895 -0.110917956
vn 0.8763637 -0.4782067 -0.057488676
vn 0.8763637 -0.4782067 -0.057488676
vn 0.8763637 -0.4782067 -0.057488676
vn 0.8763637 -0.4782067 -0.057488676
vn 0.85652417 -0.43251696 -0.28159416
vn 0.85652417 -0.43251696 -0.28159416
vn 0.85652417 -0.43251696 -0.28159416
vn 0.85652417 -0.43251696 -0.28159416
vn 0.9017389 -0.39249405 -0.18115032
vn 0.9017389 -0.39249405 -0.18115032
vn 0.9017389 -0.39249405 -0.18115032
vn 0.9017389 -0.39249405 -0.18115032
vn 0.9302589 -0.27356932 -0.24449557
vn 0.9302589 -0.27356932 -0.24449557
vn 0.9302589 -0.27356932 -0.24449557
vn 0.9302589 -0.27356932 -0.24449557
vn 0.93459904 -0.17964426 -0.30700585
vn 0.93459904 -0.17964426 -0.30700585
vn 0.93459904 -0.17964426 -0.30700585
vn 0.93459904 -0.17964426 -0.30700585
vn 0.9940746 -0.08694479 -0.06524087
vn 0.9940746 -0.08694479 -0.06524087
vn 0.9940746 -0.08694479 -0.06524087
vn 0.9940746 -0.08694479 -0.06524087
vn 0.9574374 -0.17417057 -0.23016976
vn 0.9574374 -0.17417057 -0.23016976
vn 0.9574374 -0.17417057 -0.23016976
vn 0.9574374 -0.17417057 -0.23016976
vn 0.9320259 -0.34778458 -0.1018505
vn 0.9320259 -0.34778458 -0.1018505
vn 0.9320259 -0.34778458 -0.1018505
vn 0.9320259 -0.34778458 -0.1018505
vn 0.8414496 -0.50936157 -0.18031442
vn 0.8414496 -0.50936157 -0.18031442
vn 0.8414496 -0.50936157 -0.18031442
vn 0.8414496 -0.50936157 -0.18031442
vn 0.8223955 0.3415159 -0.4550083
vn 0.8223955 0.3415159 -0.4550083
vn 0.8223955 0.3415159 -0.4550083
vn 0.8223955 0.3415159 -0.4550083
vn -1 4.3711395E-08 1.6292068E-07
vn -1 4.3711395E-08 1.6292068E-07
vn -1 4.3711395E-08 1.6292068E-07
vn -1 4.3711395E-08 1.6292068E-07
vn -0.99999994 4.3711395E-08 1.6292067E-07
vn -0.99999994 4.3711395E-08 1.6292067E-07
vn -0.99999994 4.3711395E-08 1.6292067E-07
vn -0.99999994 4.3711395E-08 1.6292067E-07
vn -1 4.37114E-08 1.6292068E-07
vn -1 4.37114E-08 1.6292068E-07
vn -1 4.37114E-08 1.6292068E-07
vn -1 4.37114E-08 1.6292068E-07
vn -0.99999994 4.3711395E-08 1.6292067E-07
vn -0.99999994 4.3711395E-08 1.6292067E-07
vn -0.99999994 4.3711395E-08 1.6292067E-07
vn -0.99999994 4.3711395E-08 1.6292067E-07
vn -1 4.37114E-08 1.6292068E-07
vn -1 4.37114E-08 1.6292068E-07
vn -1 4.37114E-08 1.6292068E-07
vn -1 4.37114E-08 1.6292068E-07
vn -0.99999994 4.3711395E-08 1.6292067E-07
vn -0.99999994 4.3711395E-08 1.6292067E-07
vn -0.99999994 4.3711395E-08 1.6292067E-07
vn -0.99999994 4.3711395E-08 1.6292067E-07
vn -0.99999994 4.37114E-08 1.6292067E-07
vn -0.99999994 4.37114E-08 1.6292067E-07
vn -0.99999994 4.37114E-08 1.6292067E-07
vn -0.99999994 4.37114E-08 1.6292067E-07
vn -1 4.3711402E-08 1.6292067E-07
vn -1 4.3711402E-08 1.6292067E-07
vn -1 4.3711402E-08 1.6292067E-07
vn -1 4.3711402E-08 1.6292067E-07
vn -1 4.3711406E-08 1.6292067E-07
vn -1 4.3711406E-08 1.6292067E-07
vn -1 4.3711406E-08 1.6292067E-07
vn -1 4.3711406E-08 1.6292067E-07
vn -1 4.3711406E-08 1.6292067E-07
vn -1 4.3711406E-08 1.6292067E-07
vn -1 4.3711406E-08 1.6292067E-07
vn -1 4.3711406E-08 1.6292067E-07
vn -1 4.371141E-08 1.6292067E-07
vn -1 4.371141E-08 1.6292067E-07
vn -1 4.371141E-08 1.6292067E-07
vn -1 4.371141E-08 1.6292067E-07
vn -1 4.371141E-08 1.6292068E-07
vn -1 4.371141E-08 1.6292068E-07
vn -1 4.371141E-08 1.6292068E-07
vn -1 4.371141E-08 1.6292068E-07
vn -1 4.3711406E-08 1.6292068E-07
vn -1 4.3711406E-08 1.6292068E-07
vn -1 4.3711406E-08 1.6292068E-07
vn -1 4.3711406E-08 1.6292068E-07
vn -1 4.3711392E-08 1.6292068E-07
vn -1 4.3711392E-08 1.6292068E-07
vn -1 4.3711392E-08 1.6292068E-07
vn -1 4.3711392E-08 1.6292068E-07
vn -1 4.3711392E-08 1.6292068E-07
vn -1 4.3711392E-08 1.6292068E-07
vn -1 4.3711392E-08 1.6292068E-07
vn -1 4.3711392E-08 1.6292068E-07
vn -1 4.3711395E-08 1.6292068E-07
vn -1 4.3711395E-08 1.6292068E-07
vn -1 4.3711395E-08 1.6292068E-07
vn -1 4.3711395E-08 1.6292068E-07
vn -1 4.3711395E-08 1.6292068E-07
vn -1 4.3711395E-08 1.6292068E-07
vn -1 4.3711395E-08 1.6292068E-07
vn -1 4.3711395E-08 1.6292068E-07
vn -1 4.37114E-08 1.6292068E-07
vn -1 4.37114E-08 1.6292068E-07
vn -1 4.37114E-08 1.6292068E-07
vn -1 4.37114E-08 1.6292068E-07
vn -1 4.3711402E-08 1.6292068E-07
vn -1 4.3711402E-08 1.6292068E-07
vn -1 4.3711402E-08 1.6292068E-07
vn -1 4.3711402E-08 1.6292068E-07
vn -1 4.3711402E-08 1.6292068E-07
vn -1 4.3711402E-08 1.6292068E-07
vn -1 4.3711402E-08 1.6292068E-07
vn -1 4.3711402E-08 1.6292068E-07
vn -1 4.3711406E-08 1.6292068E-07
vn -1 4.3711406E-08 1.6292068E-07
vn -1 4.3711406E-08 1.6292068E-07
vn -1 4.3711406E-08 1.6292068E-07
vn -1 4.3711406E-08 1.6292068E-07
vn -1 4.3711406E-08 1.6292068E-07
vn -1 4.3711406E-08 1.6292068E-07
vn -1 4.3711406E-08 1.6292068E-07
vn -1 4.3711406E-08 1.6292068E-07
vn -1 4.3711406E-08 1.6292068E-07
vn -1 4.3711406E-08 1.6292068E-07
vn -1 4.3711406E-08 1.6292068E-07
vn -1 4.3711406E-08 1.6292068E-07
vn -1 4.3711406E-08 1.6292068E-07
vn -1 4.3711406E-08 1.6292068E-07
vn -1 4.3711406E-08 1.6292068E-07
vn -1 4.3711406E-08 1.6292068E-07
vn -1 4.3711406E-08 1.6292068E-07
vn -1 4.3711406E-08 1.6292068E-07
vn -1 4.3711406E-08 1.6292068E-07
vn -1 4.3711406E-08 1.6292068E-07
vn -1 4.3711406E-08 1.6292068E-07
vn -1 4.3711406E-08 1.6292068E-07
vn -1 4.3711406E-08 1.6292068E-07
vn -1 4.3711406E-08 1.6292068E-07
vn -1 4.3711406E-08 1.6292068E-07
vn -1 4.3711406E-08 1.6292068E-07
vn -1 4.3711406E-08 1.6292068E-07
vn -1 4.3711406E-08 1.6292067E-07
vn -1 4.3711406E-08 1.6292067E-07
vn -1 4.3711406E-08 1.6292067E-07
vn -1 4.3711406E-08 1.6292067E-07
vn -0.99999994 4.3711402E-08 1.6292067E-07
vn -0.99999994 4.3711402E-08 1.6292067E-07
vn -0.99999994 4.3711402E-08 1.6292067E-07
vn -0.99999994 4.3711402E-08 1.6292067E-07
vn -1 4.3711406E-08 1.6292067E-07
vn -1 4.3711406E-08 1.6292067E-07
vn -1 4.3711406E-08 1.6292067E-07
vn -1 4.3711406E-08 1.6292067E-07
vn -1 4.37114E-08 1.6292068E-07
vn -1 4.37114E-08 1.6292068E-07
vn -1 4.37114E-08 1.6292068E-07
vn -1 4.37114E-08 1.6292068E-07
vn 0.007187655 0.8192681 -0.57336557
vn 0.007187655 0.8192681 -0.57336557
vn 0.007187655 0.8192681 -0.57336557
vn 0.007187655 0.8192681 -0.57336557
vn 0.265406 -0.119499065 -0.9567025
vn 0.265406 -0.119499065 -0.9567025
vn 0.265406 -0.119499065 -0.9567025
vn 0.265406 -0.119499065 -0.9567025
vn 0.30740276 0.35012352 -0.88482594
vn 0.30740276 0.35012352 -0.88482594
vn 0.30740276 0.35012352 -0.88482594
vn 0.30740276 0.35012352 -0.88482594
vn 0.2249027 -0.9610787 -0.16045709
vn 0.2249027 -0.9610787 -0.16045709
vn 0.2249027 -0.9610787 -0.16045709
vn 0.2249027 -0.9610787 -0.16045709
vn 0.22087806 -0.8178499 0.5313516
vn 0.22087806 -0.8178499 0.5313516
vn 0.22087806 -0.8178499 0.5313516
vn 0.22087806 -0.8178499 0.5313516
vn 0.30154657 0.19145378 0.93403167
vn 0.30154657 0.19145378 0.93403167
vn 0.30154657 0.19145378 0.93403167
vn 0.30154657 0.19145378 0.93403167
vn 0.21721621 0.8919558 0.39652473
vn 0.21721621 0.8919558 0.39652473
vn 0.21721621 0.8919558 0.39652473
vn 0.21721621 0.8919558 0.39652473
vn 0.07265894 0.8691838 -0.48912188
vn 0.07265894 0.8691838 -0.48912188
vn 0.07265894 0.8691838 -0.48912188
vn 0.07265894 0.8691838 -0.48912188
vn 0.2594427 -0.38221276 -0.88690627
vn 0.2594427 -0.38221276 -0.88690627
vn 0.2594427 -0.38221276 -0.88690627
vn 0.2594427 -0.38221276 -0.88690627
vn 0.22530775 -0.402041 -0.887468
vn 0.22530775 -0.402041 -0.887468
vn 0.22530775 -0.402041 -0.887468
vn 0.22530775 -0.402041 -0.887468
vn 0.21664993 -0.9745515 0.05755189
vn 0.21664993 -0.9745515 0.05755189
vn 0.21664993 -0.9745515 0.05755189
vn 0.21664993 -0.9745515 0.05755189
vn 0.22312248 -0.90391773 0.36489612
vn 0.22312248 -0.90391773 0.36489612
vn 0.22312248 -0.90391773 0.36489612
vn 0.22312248 -0.90391773 0.36489612
vn 0.13209672 0.6210904 0.7725265
vn 0.13209672 0.6210904 0.7725265
vn 0.13209672 0.6210904 0.7725265
vn 0.13209672 0.6210904 0.7725265
vn 0.28947496 0.36335558 0.88553774
vn 0.28947496 0.36335558 0.88553774
vn 0.28947496 0.36335558 0.88553774
vn 0.28947496 0.36335558 0.88553774
vn 0.2016007 0.97657347 0.07524215
vn 0.2016007 0.97657347 0.07524215
vn 0.2016007 0.97657347 0.07524215
vn 0.2016007 0.97657347 0.07524215
vn 0.15510903 0.8052109 -0.57234293
vn 0.15510903 0.8052109 -0.57234293
vn 0.15510903 0.8052109 -0.57234293
vn 0.15510903 0.8052109 -0.57234293
vn 0.26179424 -0.535101 -0.8032003
vn 0.26179424 -0.535101 -0.8032003
vn 0.26179424 -0.535101 -0.8032003
vn 0.26179424 -0.535101 -0.8032003
vn 0.18239948 -0.67643857 -0.71355546
vn 0.18239948 -0.67643857 -0.71355546
vn 0.18239948 -0.67643857 -0.71355546
vn 0.18239948 -0.67643857 -0.71355546
vn 0.1893421 -0.98151785 0.027788868
vn 0.1893421 -0.98151785 0.027788868
vn 0.1893421 -0.98151785 0.027788868
vn 0.1893421 -0.98151785 0.027788868
vn 0.17871961 -0.8876784 0.4243661
vn 0.17871961 -0.8876784 0.4243661
vn 0.17871961 -0.8876784 0.4243661
vn 0.17871961 -0.8876784 0.4243661
vn 0.14640924 0.91099757 0.3855486
vn 0.14640924 0.91099757 0.3855486
vn 0.14640924 0.91099757 0.3855486
vn 0.14640924 0.91099757 0.3855486
vn 0.10540175 -0.024039956 -0.994139
vn 0.10540175 -0.024039956 -0.994139
vn 0.10540175 -0.024039956 -0.994139
vn 0.10540175 -0.024039956 -0.994139
vn 0.22541623 0.67318124 0.70428294
vn 0.22541623 0.67318124 0.70428294
vn 0.22541623 0.67318124 0.70428294
vn 0.22541623 0.67318124 0.70428294
vn 0.18406433 0.9513148 0.24722558
vn 0.18406433 0.9513148 0.24722558
vn 0.18406433 0.9513148 0.24722558
vn 0.18406433 0.9513148 0.24722558
vn 0.073201425 0.67805994 -0.7313524
vn 0.073201425 0.67805994 -0.7313524
vn 0.073201425 0.67805994 -0.7313524
vn 0.073201425 0.67805994 -0.7313524
vn 0.25754446 -0.7676815 -0.5868015
vn 0.25754446 -0.7676815 -0.5868015
vn 0.25754446 -0.7676815 -0.5868015
vn 0.25754446 -0.7676815 -0.5868015
vn 0.16234708 -0.0171858 0.986584
vn 0.16234708 -0.0171858 0.986584
vn 0.16234708 -0.0171858 0.986584
vn 0.16234708 -0.0171858 0.986584
vn 0.13575092 -0.7425543 -0.6558847
vn 0.13575092 -0.7425543 -0.6558847
vn 0.13575092 -0.7425543 -0.6558847
vn 0.13575092 -0.7425543 -0.6558847
vn 0.19090335 -0.9793974 -0.06585149
vn 0.19090335 -0.9793974 -0.06585149
vn 0.19090335 -0.9793974 -0.06585149
vn 0.19090335 -0.9793974 -0.06585149
vn 0.21754667 -0.76172113 0.6102903
vn 0.21754667 -0.76172113 0.6102903
vn 0.21754667 -0.76172113 0.6102903
vn 0.21754667 -0.76172113 0.6102903
vn 0.16773817 0.95494556 0.24483252
vn 0.16773817 0.95494556 0.24483252
vn 0.16773817 0.95494556 0.24483252
vn 0.16773817 0.95494556 0.24483252
vn 0.23323561 0.40534532 0.8839096
vn 0.23323561 0.40534532 0.8839096
vn 0.23323561 0.40534532 0.8839096
vn 0.23323561 0.40534532 0.8839096
vn 0.16918254 0.85039926 0.49819508
vn 0.16918254 0.85039926 0.49819508
vn 0.16918254 0.85039926 0.49819508
vn 0.16918254 0.85039926 0.49819508
vn 0.073908255 0.8121989 0.57868004
vn 0.073908255 0.8121989 0.57868004
vn 0.073908255 0.8121989 0.57868004
vn 0.073908255 0.8121989 0.57868004
vn 0.25705665 0.058987394 -0.96459436
vn 0.25705665 0.058987394 -0.96459436
vn 0.25705665 0.058987394 -0.96459436
vn 0.25705665 0.058987394 -0.96459436
vn 0.24746759 -0.90396905 -0.34871173
vn 0.24746759 -0.90396905 -0.34871173
vn 0.24746759 -0.90396905 -0.34871173
vn 0.24746759 -0.90396905 -0.34871173
vn 0.18356818 -0.9735267 -0.13619222
vn 0.18356818 -0.9735267 -0.13619222
vn 0.18356818 -0.9735267 -0.13619222
vn 0.18356818 -0.9735267 -0.13619222
vn 0.2742426 0.31282803 0.9093568
vn 0.2742426 0.31282803 0.9093568
vn 0.2742426 0.31282803 0.9093568
vn 0.2742426 0.31282803 0.9093568
vn 0.16924413 0.945423 0.27844515
vn 0.16924413 0.945423 0.27844515
vn 0.16924413 0.945423 0.27844515
vn 0.16924413 0.945423 0.27844515
vn 0.13378964 0.9909058 0.014352222
vn 0.13378964 0.9909058 0.014352222
vn 0.13378964 0.9909058 0.014352222
vn 0.13378964 0.9909058 0.014352222
vn 0.24751243 0.5495697 -0.79794157
vn 0.24751243 0.5495697 -0.79794157
vn 0.24751243 0.5495697 -0.79794157
vn 0.24751243 0.5495697 -0.79794157
vn 0.27086666 -0.9204914 -0.28165016
vn 0.27086666 -0.9204914 -0.28165016
vn 0.27086666 -0.9204914 -0.28165016
vn 0.27086666 -0.9204914 -0.28165016
vn 0.18464811 -0.9250534 0.3319357
vn 0.18464811 -0.9250534 0.3319357
vn 0.18464811 -0.9250534 0.3319357
vn 0.18464811 -0.9250534 0.3319357
vn 0.29471695 0.27477583 0.9152268
vn 0.29471695 0.27477583 0.9152268
vn 0.29471695 0.27477583 0.9152268
vn 0.29471695 0.27477583 0.9152268
vn 0.1779562 0.9049286 0.38656926
vn 0.1779562 0.9049286 0.38656926
vn 0.1779562 0.9049286 0.38656926
vn 0.1779562 0.9049286 0.38656926
vn 0.10680003 0.80080533 -0.5893256
vn 0.10680003 0.80080533 -0.5893256
vn 0.10680003 0.80080533 -0.5893256
vn 0.10680003 0.80080533 -0.5893256
vn 0.19737081 0.45729247 -0.8671381
vn 0.19737081 0.45729247 -0.8671381
vn 0.19737081 0.45729247 -0.8671381
vn 0.19737081 0.45729247 -0.8671381
vn 0.30069572 -0.9425958 -0.14524189
vn 0.30069572 -0.9425958 -0.14524189
vn 0.30069572 -0.9425958 -0.14524189
vn 0.30069572 -0.9425958 -0.14524189
vn 0.21660216 -0.88196325 0.41859812
vn 0.21660216 -0.88196325 0.41859812
vn 0.21660216 -0.88196325 0.41859812
vn 0.21660216 -0.88196325 0.41859812
vn 0.31312305 0.034103498 0.94910014
vn 0.31312305 0.034103498 0.94910014
vn 0.31312305 0.034103498 0.94910014
vn 0.31312305 0.034103498 0.94910014
vn 0.18294726 0.89643914 0.40364218
vn 0.18294726 0.89643914 0.40364218
vn 0.18294726 0.89643914 0.40364218
vn 0.18294726 0.89643914 0.40364218
vn 0.03787189 0.63309216 -0.77314943
vn 0.03787189 0.63309216 -0.77314943
vn 0.03787189 0.63309216 -0.77314943
vn 0.03787189 0.63309216 -0.77314943
vn 0.16870977 0.2940018 -0.9407976
vn 0.16870977 0.2940018 -0.9407976
vn 0.16870977 0.2940018 -0.9407976
vn 0.16870977 0.2940018 -0.9407976
vn 0.2447378 -0.9062711 -0.34463912
vn 0.2447378 -0.9062711 -0.34463912
vn 0.2447378 -0.9062711 -0.34463912
vn 0.2447378 -0.9062711 -0.34463912
vn 0.18833293 -0.6124391 0.76775587
vn 0.18833293 -0.6124391 0.76775587
vn 0.18833293 -0.6124391 0.76775587
vn 0.18833293 -0.6124391 0.76775587
vn 0.32834053 0.0063983966 0.94453776
vn 0.32834053 0.0063983966 0.94453776
vn 0.32834053 0.0063983966 0.94453776
vn 0.32834053 0.0063983966 0.94453776
vn 0.18880992 0.90265805 0.38672903
vn 0.18880992 0.90265805 0.38672903
vn 0.18880992 0.90265805 0.38672903
vn 0.18880992 0.90265805 0.38672903
vn 0.0024378363 0.87583184 -0.48261034
vn 0.0024378363 0.87583184 -0.48261034
vn 0.0024378363 0.87583184 -0.48261034
vn 0.0024378363 0.87583184 -0.48261034
vn 0.18085362 0.28123173 -0.942444
vn 0.18085362 0.28123173 -0.942444
vn 0.18085362 0.28123173 -0.942444
vn 0.18085362 0.28123173 -0.942444
vn 0.20175937 -0.94459563 -0.25890583
vn 0.20175937 -0.94459563 -0.25890583
vn 0.20175937 -0.94459563 -0.25890583
vn 0.20175937 -0.94459563 -0.25890583
vn 0.21954712 -0.7725259 0.595821
vn 0.21954712 -0.7725259 0.595821
vn 0.21954712 -0.7725259 0.595821
vn 0.21954712 -0.7725259 0.595821
vn 0.1736846 0.5815149 0.7947793
vn 0.1736846 0.5815149 0.7947793
vn 0.1736846 0.5815149 0.7947793
vn 0.1736846 0.5815149 0.7947793
vn 0.3061197 0.06776073 0.94957846
vn 0.3061197 0.06776073 0.94957846
vn 0.3061197 0.06776073 0.94957846
vn 0.3061197 0.06776073 0.94957846
vn 0.19269511 0.8269712 0.5281924
vn 0.19269511 0.8269712 0.5281924
vn 0.19269511 0.8269712 0.5281924
vn 0.19269511 0.8269712 0.5281924
vn 0.16299027 -0.008673902 0.9865896
vn 0.16299027 -0.008673902 0.9865896
vn 0.16299027 -0.008673902 0.9865896
vn 0.16299027 -0.008673902 0.9865896
vn 0.114200115 -0.09269345 -0.989124
vn 0.114200115 -0.09269345 -0.989124
vn 0.114200115 -0.09269345 -0.989124
vn 0.114200115 -0.09269345 -0.989124
vn -1 4.37114E-08 1.6292068E-07
vn -1 4.37114E-08 1.6292068E-07
vn -1 4.37114E-08 1.6292068E-07
vn -1 4.37114E-08 1.6292068E-07
vn -1 4.3711406E-08 1.6292067E-07
vn -1 4.3711406E-08 1.6292067E-07
vn -1 4.3711406E-08 1.6292067E-07
vn -1 4.3711406E-08 1.6292067E-07
vn -0.99999994 4.3711402E-08 1.6292067E-07
vn -0.99999994 4.3711402E-08 1.6292067E-07
vn -0.99999994 4.3711402E-08 1.6292067E-07
vn -0.99999994 4.3711402E-08 1.6292067E-07
vn -1 4.3711406E-08 1.6292067E-07
vn -1 4.3711406E-08 1.6292067E-07
vn -1 4.3711406E-08 1.6292067E-07
vn -1 4.3711406E-08 1.6292067E-07
vn -1 4.3711406E-08 1.6292068E-07
vn -1 4.3711406E-08 1.6292068E-07
vn -1 4.3711406E-08 1.6292068E-07
vn -1 4.3711406E-08 1.6292068E-07
vn -1 4.3711406E-08 1.6292068E-07
vn -1 4.3711406E-08 1.6292068E-07
vn -1 4.3711406E-08 1.6292068E-07
vn -1 4.3711406E-08 1.6292068E-07
vn -1 4.3711406E-08 1.6292068E-07
vn -1 4.3711406E-08 1.6292068E-07
vn -1 4.3711406E-08 1.6292068E-07
vn -1 4.3711406E-08 1.6292068E-07
vn -1 4.3711406E-08 1.6292068E-07
vn -1 4.3711406E-08 1.6292068E-07
vn -1 4.3711406E-08 1.6292068E-07
vn -1 4.3711406E-08 1.6292068E-07
vn -1 4.3711406E-08 1.6292068E-07
vn -1 4.3711406E-08 1.6292068E-07
vn -1 4.3711406E-08 1.6292068E-07
vn -1 4.3711406E-08 1.6292068E-07
vn -1 4.3711406E-08 1.6292068E-07
vn -1 4.3711406E-08 1.6292068E-07
vn -1 4.3711406E-08 1.6292068E-07
vn -1 4.3711406E-08 1.6292068E-07
vn -1 4.3711406E-08 1.6292068E-07
vn -1 4.3711406E-08 1.6292068E-07
vn -1 4.3711406E-08 1.6292068E-07
vn -1 4.3711406E-08 1.6292068E-07
vn -1 4.3711402E-08 1.6292068E-07
vn -1 4.3711402E-08 1.6292068E-07
vn -1 4.3711402E-08 1.6292068E-07
vn -1 4.3711402E-08 1.6292068E-07
vn -0.99999994 4.37114E-08 1.6292067E-07
vn -0.99999994 4.37114E-08 1.6292067E-07
vn -0.99999994 4.37114E-08 1.6292067E-07
vn -0.99999994 4.37114E-08 1.6292067E-07
vn -1 4.37114E-08 1.6292068E-07
vn -1 4.37114E-08 1.6292068E-07
vn -1 4.37114E-08 1.6292068E-07
vn -1 4.37114E-08 1.6292068E-07
vn -1 4.3711395E-08 1.6292068E-07
vn -1 4.3711395E-08 1.6292068E-07
vn -1 4.3711395E-08 1.6292068E-07
vn -1 4.3711395E-08 1.6292068E-07
vn -1 4.3711395E-08 1.6292068E-07
vn -1 4.3711395E-08 1.6292068E-07
vn -1 4.3711395E-08 1.6292068E-07
vn -1 4.3711395E-08 1.6292068E-07
vn -1 4.3711392E-08 1.6292068E-07
vn -1 4.3711392E-08 1.6292068E-07
vn -1 4.3711392E-08 1.6292068E-07
vn -1 4.3711392E-08 1.6292068E-07
vn -1 4.3711392E-08 1.6292068E-07
vn -1 4.3711392E-08 1.6292068E-07
vn -1 4.3711392E-08 1.6292068E-07
vn -1 4.3711392E-08 1.6292068E-07
vn -1 4.3711406E-08 1.6292068E-07
vn -1 4.3711406E-08 1.6292068E-07
vn -1 4.3711406E-08 1.6292068E-07
vn -1 4.3711406E-08 1.6292068E-07
vn -1 4.3711406E-08 1.6292068E-07
vn -1 4.3711406E-08 1.6292068E-07
vn -1 4.3711406E-08 1.6292068E-07
vn -1 4.3711406E-08 1.6292068E-07
vn -1 4.3711402E-08 1.6292067E-07
vn -1 4.3711402E-08 1.6292067E-07
vn -1 4.3711402E-08 1.6292067E-07
vn -1 4.3711402E-08 1.6292067E-07
vn -1 4.3711402E-08 1.6292067E-07
vn -1 4.3711402E-08 1.6292067E-07
vn -1 4.3711402E-08 1.6292067E-07
vn -1 4.3711402E-08 1.6292067E-07
vn -1 4.37114E-08 1.6292067E-07
vn -1 4.37114E-08 1.6292067E-07
vn -1 4.37114E-08 1.6292067E-07
vn -1 4.37114E-08 1.6292067E-07
vn -0.99999994 4.3711395E-08 1.6292067E-07
vn -0.99999994 4.3711395E-08 1.6292067E-07
vn -0.99999994 4.3711395E-08 1.6292067E-07
vn -0.99999994 4.3711395E-08 1.6292067E-07
vn -1 4.37114E-08 1.6292068E-07
vn -1 4.37114E-08 1.6292068E-07
vn -1 4.37114E-08 1.6292068E-07
vn -1 4.37114E-08 1.6292068E-07
vn -0.99999994 4.3711395E-08 1.6292067E-07
vn -0.99999994 4.3711395E-08 1.6292067E-07
vn -0.99999994 4.3711395E-08 1.6292067E-07
vn -0.99999994 4.3711395E-08 1.6292067E-07
vn -1 4.37114E-08 1.6292068E-07
vn -1 4.37114E-08 1.6292068E-07
vn -1 4.37114E-08 1.6292068E-07
vn -1 4.37114E-08 1.6292068E-07
vn -1 4.37114E-08 1.6292068E-07
vn -1 4.37114E-08 1.6292068E-07
vn -1 4.37114E-08 1.6292068E-07
vn -1 4.37114E-08 1.6292068E-07
vn -1 4.37114E-08 1.6292068E-07
vn -1 4.37114E-08 1.6292068E-07
vn -1 4.37114E-08 1.6292068E-07
vn -1 4.37114E-08 1.6292068E-07
vn -1 4.37114E-08 1.6292068E-07
vn -1 4.37114E-08 1.6292068E-07
vn -1 4.37114E-08 1.6292068E-07
vn -1 4.37114E-08 1.6292068E-07
vn -1 4.3711395E-08 1.6292068E-07
vn -1 4.3711395E-08 1.6292068E-07
vn -1 4.3711395E-08 1.6292068E-07
vn -1 4.3711395E-08 1.6292068E-07
vn 0.86690086 0.4958633 -0.05101456
vn 0.86690086 0.4958633 -0.05101456
vn 0.86690086 0.4958633 -0.05101456
vn 0.86690086 0.4958633 -0.05101456
vn 0.7856432 0.36074364 -0.502622
vn 0.7856432 0.36074364 -0.502622
vn 0.7856432 0.36074364 -0.502622
vn 0.7856432 0.36074364 -0.502622
vn 0.91055673 0.23388848 -0.3408557
vn 0.91055673 0.23388848 -0.3408557
vn 0.91055673 0.23388848 -0.3408557
vn 0.91055673 0.23388848 -0.3408557
vn 0.94467115 0.12303063 -0.30407178
vn 0.94467115 0.12303063 -0.30407178
vn 0.94467115 0.12303063 -0.30407178
vn 0.94467115 0.12303063 -0.30407178
vn 0.9900729 -0.005492833 -0.14044756
vn 0.9900729 -0.005492833 -0.14044756
vn 0.9900729 -0.005492833 -0.14044756
vn 0.9900729 -0.005492833 -0.14044756
vn 0.9498998 -0.042739492 -0.30961874
vn 0.9498998 -0.042739492 -0.30961874
vn 0.9498998 -0.042739492 -0.30961874
vn 0.9498998 -0.042739492 -0.30961874
vn 0.95325625 0.076503165 -0.29231805
vn 0.95325625 0.076503165 -0.29231805
vn 0.95325625 0.076503165 -0.29231805
vn 0.95325625 0.076503165 -0.29231805
vn 0.93285125 0.20063688 -0.29922122
vn 0.93285125 0.20063688 -0.29922122
vn 0.93285125 0.20063688 -0.29922122
vn 0.93285125 0.20063688 -0.29922122
vn 0.9795741 0.18848942 -0.070046455
vn 0.9795741 0.18848942 -0.070046455
vn 0.9795741 0.18848942 -0.070046455
vn 0.9795741 0.18848942 -0.070046455
vn 0.9099203 0.32001117 0.26389006
vn 0.9099203 0.32001117 0.26389006
vn 0.9099203 0.32001117 0.26389006
vn 0.9099203 0.32001117 0.26389006
vn 0.923626 0.13698982 0.35797858
vn 0.923626 0.13698982 0.35797858
vn 0.923626 0.13698982 0.35797858
vn 0.923626 0.13698982 0.35797858
vn 0.95148313 0.0836501 0.2961125
vn 0.95148313 0.0836501 0.2961125
vn 0.95148313 0.0836501 0.2961125
vn 0.95148313 0.0836501 0.2961125
vn 0.9579427 0.08336463 0.27458343
vn 0.9579427 0.08336463 0.27458343
vn 0.9579427 0.08336463 0.27458343
vn 0.9579427 0.08336463 0.27458343
vn 0.95390344 0.14279576 0.26396534
vn 0.95390344 0.14279576 0.26396534
vn 0.95390344 0.14279576 0.26396534
vn 0.95390344 0.14279576 0.26396534
vn 0.96466976 0.11680547 0.236154
vn 0.96466976 0.11680547 0.236154
vn 0.96466976 0.11680547 0.236154
vn 0.96466976 0.11680547 0.236154
vn 0.967142 0.17466071 0.18474288
vn 0.967142 0.17466071 0.18474288
vn 0.967142 0.17466071 0.18474288
vn 0.967142 0.17466071 0.18474288
vn 0.9868483 0.10169579 0.12565175
vn 0.9868483 0.10169579 0.12565175
vn 0.9868483 0.10169579 0.12565175
vn 0.9868483 0.10169579 0.12565175
vn 0.99059445 0.1115202 0.07928253
vn 0.99059445 0.1115202 0.07928253
vn 0.99059445 0.1115202 0.07928253
vn 0.99059445 0.1115202 0.07928253
vn 0.97229856 -0.009145615 0.23356366
vn 0.97229856 -0.009145615 0.23356366
vn 0.97229856 -0.009145615 0.23356366
vn 0.97229856 -0.009145615 0.23356366
vn 0.97497696 -0.1338537 0.17749138
vn 0.97497696 -0.1338537 0.17749138
vn 0.97497696 -0.1338537 0.17749138
vn 0.97497696 -0.1338537 0.17749138
vn 0.9544296 -0.20274027 0.21899863
vn 0.9544296 -0.20274027 0.21899863
vn 0.9544296 -0.20274027 0.21899863
vn 0.9544296 -0.20274027 0.21899863
vn 0.8479907 -0.22180696 0.48136613
vn 0.8479907 -0.22180696 0.48136613
vn 0.8479907 -0.22180696 0.48136613
vn 0.8479907 -0.22180696 0.48136613
vn 0.82028294 -0.3723569 0.4341501
vn 0.82028294 -0.3723569 0.4341501
vn 0.82028294 -0.3723569 0.4341501
vn 0.82028294 -0.3723569 0.4341501
vn 0.77572554 -0.392011 0.49454746
vn 0.77572554 -0.392011 0.49454746
vn 0.77572554 -0.392011 0.49454746
vn 0.77572554 -0.392011 0.49454746
vn 0.77675986 -0.4246384 0.46510893
vn 0.77675986 -0.4246384 0.46510893
vn 0.77675986 -0.4246384 0.46510893
vn 0.77675986 -0.4246384 0.46510893
vn 0.78925127 -0.52384883 0.32041362
vn 0.78925127 -0.52384883 0.32041362
vn 0.78925127 -0.52384883 0.32041362
vn 0.78925127 -0.52384883 0.32041362
vn 0.8583175 -0.5089197 0.06551298
vn 0.8583175 -0.5089197 0.06551298
vn 0.8583175 -0.5089197 0.06551298
vn 0.8583175 -0.5089197 0.06551298
vn 0.91452 -0.31789082 -0.25019726
vn 0.91452 -0.31789082 -0.25019726
vn 0.91452 -0.31789082 -0.25019726
vn 0.91452 -0.31789082 -0.25019726
vn 0.8788374 -0.11188711 -0.46381682
vn 0.8788374 -0.11188711 -0.46381682
vn 0.8788374 -0.11188711 -0.46381682
vn 0.8788374 -0.11188711 -0.46381682
vn 0.8531074 0.09133733 -0.51367825
vn 0.8531074 0.09133733 -0.51367825
vn 0.8531074 0.09133733 -0.51367825
vn 0.8531074 0.09133733 -0.51367825
vn 0.9718146 0.23268645 0.037859973
vn 0.9718146 0.23268645 0.037859973
vn 0.9718146 0.23268645 0.037859973
vn 0.9718146 0.23268645 0.037859973
vn -0.23687823 0.08256564 -0.96802455
vn -0.23687823 0.08256564 -0.96802455
vn -0.23687823 0.08256564 -0.96802455
vn -0.23687823 0.08256564 -0.96802455
vn 0.1318169 -0.14375389 -0.9807951
vn 0.1318169 -0.14375389 -0.9807951
vn 0.1318169 -0.14375389 -0.9807951
vn 0.1318169 -0.14375389 -0.9807951
vn 0.5063651 -0.00867273 0.8622756
vn 0.5063651 -0.00867273 0.8622756
vn 0.5063651 -0.00867273 0.8622756
vn 0.5063651 -0.00867273 0.8622756
vn 0.3108869 0.8213271 0.47830024
vn 0.3108869 0.8213271 0.47830024
vn 0.3108869 0.8213271 0.47830024
vn 0.3108869 0.8213271 0.47830024
vn 0.6168159 0.092227414 0.78168553
vn 0.6168159 0.092227414 0.78168553
vn 0.6168159 0.092227414 0.78168553
vn 0.6168159 0.092227414 0.78168553
vn 0.6142586 0.5650382 0.55083394
vn 0.6142586 0.5650382 0.55083394
vn 0.6142586 0.5650382 0.55083394
vn 0.6142586 0.5650382 0.55083394
vn 0.36269745 -0.7459843 0.5585319
vn 0.36269745 -0.7459843 0.5585319
vn 0.36269745 -0.7459843 0.5585319
vn 0.36269745 -0.7459843 0.5585319
vn 0.38471377 -0.8631279 -0.3271172
vn 0.38471377 -0.8631279 -0.3271172
vn 0.38471377 -0.8631279 -0.3271172
vn 0.38471377 -0.8631279 -0.3271172
vn 0.53608763 0.27383223 -0.7985148
vn 0.53608763 0.27383223 -0.7985148
vn 0.53608763 0.27383223 -0.7985148
vn 0.53608763 0.27383223 -0.7985148
vn 0.2955429 0.82101816 -0.48845
vn 0.2955429 0.82101816 -0.48845
vn 0.2955429 0.82101816 -0.48845
vn 0.2955429 0.82101816 -0.48845
vn 0.38335302 0.84007573 0.38381395
vn 0.38335302 0.84007573 0.38381395
vn 0.38335302 0.84007573 0.38381395
vn 0.38335302 0.84007573 0.38381395
vn 0.5718645 0.054446544 0.8185393
vn 0.5718645 0.054446544 0.8185393
vn 0.5718645 0.054446544 0.8185393
vn 0.5718645 0.054446544 0.8185393
vn 0.38322285 -0.5606095 0.734069
vn 0.38322285 -0.5606095 0.734069
vn 0.38322285 -0.5606095 0.734069
vn 0.38322285 -0.5606095 0.734069
vn 0.3769539 -0.8969852 -0.23091857
vn 0.3769539 -0.8969852 -0.23091857
vn 0.3769539 -0.8969852 -0.23091857
vn 0.3769539 -0.8969852 -0.23091857
vn 0.4754426 0.2841716 -0.8325868
vn 0.4754426 0.2841716 -0.8325868
vn 0.4754426 0.2841716 -0.8325868
vn 0.4754426 0.2841716 -0.8325868
vn 0.25017053 0.6288203 -0.73620635
vn 0.25017053 0.6288203 -0.73620635
vn 0.25017053 0.6288203 -0.73620635
vn 0.25017053 0.6288203 -0.73620635
vn 0.43989635 0.8200323 0.36611244
vn 0.43989635 0.8200323 0.36611244
vn 0.43989635 0.8200323 0.36611244
vn 0.43989635 0.8200323 0.36611244
vn 0.5041752 0.07707398 0.8601553
vn 0.5041752 0.07707398 0.8601553
vn 0.5041752 0.07707398 0.8601553
vn 0.5041752 0.07707398 0.8601553
vn 0.4112403 -0.8062914 0.42517707
vn 0.4112403 -0.8062914 0.42517707
vn 0.4112403 -0.8062914 0.42517707
vn 0.4112403 -0.8062914 0.42517707
vn 0.4122727 -0.9015675 -0.13117611
vn 0.4122727 -0.9015675 -0.13117611
vn 0.4122727 -0.9015675 -0.13117611
vn 0.4122727 -0.9015675 -0.13117611
vn 0.39575836 0.43555212 -0.80849844
vn 0.39575836 0.43555212 -0.80849844
vn 0.39575836 0.43555212 -0.80849844
vn 0.39575836 0.43555212 -0.80849844
vn 0.2698274 0.7783421 -0.566901
vn 0.2698274 0.7783421 -0.566901
vn 0.2698274 0.7783421 -0.566901
vn 0.2698274 0.7783421 -0.566901
vn 0.4406027 0.7935241 0.41974843
vn 0.4406027 0.7935241 0.41974843
vn 0.4406027 0.7935241 0.41974843
vn 0.4406027 0.7935241 0.41974843
vn 0.53904206 0.20879178 0.8159899
vn 0.53904206 0.20879178 0.8159899
vn 0.53904206 0.20879178 0.8159899
vn 0.53904206 0.20879178 0.8159899
vn 0.3746567 -0.870053 0.32037494
vn 0.3746567 -0.870053 0.32037494
vn 0.3746567 -0.870053 0.32037494
vn 0.3746567 -0.870053 0.32037494
vn 0.387588 -0.8625426 -0.32526293
vn 0.387588 -0.8625426 -0.32526293
vn 0.387588 -0.8625426 -0.32526293
vn 0.387588 -0.8625426 -0.32526293
vn 0.41889164 0.4948999 -0.7613172
vn 0.41889164 0.4948999 -0.7613172
vn 0.41889164 0.4948999 -0.7613172
vn 0.41889164 0.4948999 -0.7613172
vn 0.35768202 0.9331781 0.03524468
vn 0.35768202 0.9331781 0.03524468
vn 0.35768202 0.9331781 0.03524468
vn 0.35768202 0.9331781 0.03524468
vn 0.41365635 0.8534584 0.3170129
vn 0.41365635 0.8534584 0.3170129
vn 0.41365635 0.8534584 0.3170129
vn 0.41365635 0.8534584 0.3170129
vn 0.59632903 0.29021087 0.74844456
vn 0.59632903 0.29021087 0.74844456
vn 0.59632903 0.29021087 0.74844456
vn 0.59632903 0.29021087 0.74844456
vn 0.0034121235 0.128784 0.9916668
vn 0.0034121235 0.128784 0.9916668
vn 0.0034121235 0.128784 0.9916668
vn 0.0034121235 0.128784 0.9916668
vn 0.33062512 -0.8943092 -0.30149323
vn 0.33062512 -0.8943092 -0.30149323
vn 0.33062512 -0.8943092 -0.30149323
vn 0.33062512 -0.8943092 -0.30149323
vn 0.4913783 0.16785845 -0.8546175
vn 0.4913783 0.16785845 -0.8546175
vn 0.4913783 0.16785845 -0.8546175
vn 0.4913783 0.16785845 -0.8546175
vn 0.2171911 0.8032029 0.5547008
vn 0.2171911 0.8032029 0.5547008
vn 0.2171911 0.8032029 0.5547008
vn 0.2171911 0.8032029 0.5547008
vn 0.473676 0.7617908 0.4419343
vn 0.473676 0.7617908 0.4419343
vn 0.473676 0.7617908 0.4419343
vn 0.473676 0.7617908 0.4419343
vn 0.6199185 0.39952463 0.6753377
vn 0.6199185 0.39952463 0.6753377
vn 0.6199185 0.39952463 0.6753377
vn 0.6199185 0.39952463 0.6753377
vn 0.3677479 0.89233613 0.26172054
vn 0.3677479 0.89233613 0.26172054
vn 0.3677479 0.89233613 0.26172054
vn 0.3677479 0.89233613 0.26172054
vn 0.43818787 -0.6736682 0.59511554
vn 0.43818787 -0.6736682 0.59511554
vn 0.43818787 -0.6736682 0.59511554
vn 0.43818787 -0.6736682 0.59511554
vn 0.13699418 -0.9855489 -0.099628866
vn 0.13699418 -0.9855489 -0.099628866
vn 0.13699418 -0.9855489 -0.099628866
vn 0.13699418 -0.9855489 -0.099628866
vn 0.35832682 -0.7353388 -0.5752207
vn 0.35832682 -0.7353388 -0.5752207
vn 0.35832682 -0.7353388 -0.5752207
vn 0.35832682 -0.7353388 -0.5752207
vn 0.50644124 -0.008575048 0.8622319
vn 0.50644124 -0.008575048 0.8622319
vn 0.50644124 -0.008575048 0.8622319
vn 0.50644124 -0.008575048 0.8622319
vn 0.37955898 -0.74052614 -0.55457735
vn 0.37955898 -0.74052614 -0.55457735
vn 0.37955898 -0.74052614 -0.55457735
vn 0.37955898 -0.74052614 -0.55457735
vn 0.092038564 0.70967627 -0.6984902
vn 0.092038564 0.70967627 -0.6984902
vn 0.092038564 0.70967627 -0.6984902
vn 0.092038564 0.70967627 -0.6984902
vn 0.18943897 0.9468803 0.2598664
vn 0.18943897 0.9468803 0.2598664
vn 0.18943897 0.9468803 0.2598664
vn 0.18943897 0.9468803 0.2598664
vn 0.5077531 0.57868755 0.6382065
vn 0.5077531 0.57868755 0.6382065
vn 0.5077531 0.57868755 0.6382065
vn 0.5077531 0.57868755 0.6382065
vn 0.12749706 0.08667143 -0.9880448
vn 0.12749706 0.08667143 -0.9880448
vn 0.12749706 0.08667143 -0.9880448
vn 0.12749706 0.08667143 -0.9880448
vn 0.41846818 0.867818 0.26791087
vn 0.41846818 0.867818 0.26791087
vn 0.41846818 0.867818 0.26791087
vn 0.41846818 0.867818 0.26791087
vn 0.4671019 -0.8021197 0.37204805
vn 0.4671019 -0.8021197 0.37204805
vn 0.4671019 -0.8021197 0.37204805
vn 0.4671019 -0.8021197 0.37204805
vn 0.18128636 -0.98195446 0.053857446
vn 0.18128636 -0.98195446 0.053857446
vn 0.18128636 -0.98195446 0.053857446
vn 0.18128636 -0.98195446 0.053857446
vn 0.36049178 -0.57127607 -0.7373529
vn 0.36049178 -0.57127607 -0.7373529
vn 0.36049178 -0.57127607 -0.7373529
vn 0.36049178 -0.57127607 -0.7373529
vn 0.3857711 -0.54696405 -0.7429745
vn 0.3857711 -0.54696405 -0.7429745
vn 0.3857711 -0.54696405 -0.7429745
vn 0.3857711 -0.54696405 -0.7429745
vn 0.13534242 0.8007867 -0.5834578
vn 0.13534242 0.8007867 -0.5834578
vn 0.13534242 0.8007867 -0.5834578
vn 0.13534242 0.8007867 -0.5834578
vn 0.20193093 0.978251 0.047423366
vn 0.20193093 0.978251 0.047423366
vn 0.20193093 0.978251 0.047423366
vn 0.20193093 0.978251 0.047423366
vn 0.5759417 0.28521314 0.76612306
vn 0.5759417 0.28521314 0.76612306
vn 0.5759417 0.28521314 0.76612306
vn 0.5759417 0.28521314 0.76612306
vn 0.5962347 0.6139903 0.5172236
vn 0.5962347 0.6139903 0.5172236
vn 0.5962347 0.6139903 0.5172236
vn 0.5962347 0.6139903 0.5172236
vn 0.48033947 -0.8084443 0.3401347
vn 0.48033947 -0.8084443 0.3401347
vn 0.48033947 -0.8084443 0.3401347
vn 0.48033947 -0.8084443 0.3401347
vn 0.35608718 -0.92885655 0.102114506
vn 0.35608718 -0.92885655 0.102114506
vn 0.35608718 -0.92885655 0.102114506
vn 0.35608718 -0.92885655 0.102114506
vn 0.5215837 -0.25335518 -0.8147156
vn 0.5215837 -0.25335518 -0.8147156
vn 0.5215837 -0.25335518 -0.8147156
vn 0.5215837 -0.25335518 -0.8147156
vn 0.4119382 -0.3647634 -0.8350176
vn 0.4119382 -0.3647634 -0.8350176
vn 0.4119382 -0.3647634 -0.8350176
vn 0.4119382 -0.3647634 -0.8350176
vn 0.19537188 0.8379057 -0.50965065
vn 0.19537188 0.8379057 -0.50965065
vn 0.19537188 0.8379057 -0.50965065
vn 0.19537188 0.8379057 -0.50965065
vn 0.21709158 0.89649016 0.38623393
vn 0.21709158 0.89649016 0.38623393
vn 0.21709158 0.89649016 0.38623393
vn 0.21709158 0.89649016 0.38623393
vn 0.63621366 0.16007297 0.7547243
vn 0.63621366 0.16007297 0.7547243
vn 0.63621366 0.16007297 0.7547243
vn 0.63621366 0.16007297 0.7547243
vn 0.40824708 -0.72542363 0.5541616
vn 0.40824708 -0.72542363 0.5541616
vn 0.40824708 -0.72542363 0.5541616
vn 0.40824708 -0.72542363 0.5541616
vn 0.43054646 -0.8920494 -0.13739529
vn 0.43054646 -0.8920494 -0.13739529
vn 0.43054646 -0.8920494 -0.13739529
vn 0.43054646 -0.8920494 -0.13739529
vn 0.46632716 0.35828564 -0.80880815
vn 0.46632716 0.35828564 -0.80880815
vn 0.46632716 0.35828564 -0.80880815
vn 0.46632716 0.35828564 -0.80880815
vn 0.5249342 -0.1338263 -0.84055614
vn 0.5249342 -0.1338263 -0.84055614
vn 0.5249342 -0.1338263 -0.84055614
vn 0.5249342 -0.1338263 -0.84055614
vn 0.2570138 0.7895962 -0.5572089
vn 0.2570138 0.7895962 -0.5572089
vn 0.2570138 0.7895962 -0.5572089
vn 0.2570138 0.7895962 -0.5572089
vn 0.74120724 -0.67105216 0.01734448
vn 0.74120724 -0.67105216 0.01734448
vn 0.74120724 -0.67105216 0.01734448
vn 0.74120724 -0.67105216 0.01734448
vn 0.42838368 -0.8361901 -0.3424526
vn 0.42838368 -0.8361901 -0.3424526
vn 0.42838368 -0.8361901 -0.3424526
vn 0.42838368 -0.8361901 -0.3424526
vn 0.41377676 -0.9053699 0.09536344
vn 0.41377676 -0.9053699 0.09536344
vn 0.41377676 -0.9053699 0.09536344
vn 0.41377676 -0.9053699 0.09536344
vn 0.1966496 -0.97194326 -0.12905507
vn 0.1966496 -0.97194326 -0.12905507
vn 0.1966496 -0.97194326 -0.12905507
vn 0.1966496 -0.97194326 -0.12905507
vn 0.20711204 -0.40555707 0.89029664
vn 0.20711204 -0.40555707 0.89029664
vn 0.20711204 -0.40555707 0.89029664
vn 0.20711204 -0.40555707 0.89029664
vn 0.98017645 -0.095177986 0.17376754
vn 0.98017645 -0.095177986 0.17376754
vn 0.98017645 -0.095177986 0.17376754
vn 0.98017645 -0.095177986 0.17376754
vn -0.9832969 -0.18192157 0.005630253
vn -0.9832969 -0.18192157 0.005630253
vn -0.9832969 -0.18192157 0.005630253
vn -0.9832969 -0.18192157 0.005630253
vn 0.2647781 -0.51673883 -0.8141704
vn 0.2647781 -0.51673883 -0.8141704
vn 0.2647781 -0.51673883 -0.8141704
vn 0.2647781 -0.51673883 -0.8141704
vn -0.992783 0.03678377 0.11414349
vn -0.992783 0.03678377 0.11414349
vn -0.992783 0.03678377 0.11414349
vn -0.992783 0.03678377 0.11414349
vn 0.9869239 -0.08361061 0.13780613
vn 0.9869239 -0.08361061 0.13780613
vn 0.9869239 -0.08361061 0.13780613
vn 0.9869239 -0.08361061 0.13780613
vn -0.9861688 -0.1615959 0.03684721
vn -0.9861688 -0.1615959 0.03684721
vn -0.9861688 -0.1615959 0.03684721
vn -0.9861688 -0.1615959 0.03684721
vn 0.009147093 -0.06770758 -0.9976633
vn 0.009147093 -0.06770758 -0.9976633
vn 0.009147093 -0.06770758 -0.9976633
vn 0.009147093 -0.06770758 -0.9976633
vn 0.038327154 0.0025915778 0.99926186
vn 0.038327154 0.0025915778 0.99926186
vn 0.038327154 0.0025915778 0.99926186
vn 0.038327154 0.0025915778 0.99926186
vn -0.04448557 0.21467985 -0.9756708
vn -0.04448557 0.21467985 -0.9756708
vn -0.04448557 0.21467985 -0.9756708
vn -0.04448557 0.21467985 -0.9756708
vn 0.10090459 -0.18432723 0.97767156
vn 0.10090459 -0.18432723 0.97767156
vn 0.10090459 -0.18432723 0.97767156
vn 0.10090459 -0.18432723 0.97767156
vn 0.9930983 0.0048686056 0.11718362
vn 0.9930983 0.0048686056 0.11718362
vn 0.9930983 0.0048686056 0.11718362
vn 0.9930983 0.0048686056 0.11718362
vn 0.9726144 0.12894587 0.19337533
vn 0.9726144 0.12894587 0.19337533
vn 0.9726144 0.12894587 0.19337533
vn 0.9726144 0.12894587 0.19337533
vn 0.9946581 0.01586183 0.10199859
vn 0.9946581 0.01586183 0.10199859
vn 0.9946581 0.01586183 0.10199859
vn 0.9946581 0.01586183 0.10199859
vn -0.98695904 0.061622836 0.14870918
vn -0.98695904 0.061622836 0.14870918
vn -0.98695904 0.061622836 0.14870918
vn -0.98695904 0.061622836 0.14870918
vn 0.026061162 0.4102943 -0.9115807
vn 0.026061162 0.4102943 -0.9115807
vn 0.026061162 0.4102943 -0.9115807
vn 0.026061162 0.4102943 -0.9115807
vn -0.9479852 0.103049845 0.30117238
vn -0.9479852 0.103049845 0.30117238
vn -0.9479852 0.103049845 0.30117238
vn -0.9479852 0.103049845 0.30117238
vn -0.872257 0.4120638 0.2633839
vn -0.872257 0.4120638 0.2633839
vn -0.872257 0.4120638 0.2633839
vn -0.872257 0.4120638 0.2633839
vn 0.06460652 0.36173615 -0.93003917
vn 0.06460652 0.36173615 -0.93003917
vn 0.06460652 0.36173615 -0.93003917
vn 0.06460652 0.36173615 -0.93003917
vn -0.053175595 -0.5039492 0.8620949
vn -0.053175595 -0.5039492 0.8620949
vn -0.053175595 -0.5039492 0.8620949
vn -0.053175595 -0.5039492 0.8620949
vn 0.022056313 -0.99960136 0.017622815
vn 0.022056313 -0.99960136 0.017622815
vn 0.022056313 -0.99960136 0.017622815
vn 0.022056313 -0.99960136 0.017622815
vn 0.015664503 0.71878415 -0.69505686
vn 0.015664503 0.71878415 -0.69505686
vn 0.015664503 0.71878415 -0.69505686
vn 0.015664503 0.71878415 -0.69505686
vn -0.05021868 -0.7748842 0.630105
vn -0.05021868 -0.7748842 0.630105
vn -0.05021868 -0.7748842 0.630105
vn -0.05021868 -0.7748842 0.630105
vn 0.93797773 -0.14519367 0.31482795
vn 0.93797773 -0.14519367 0.31482795
vn 0.93797773 -0.14519367 0.31482795
vn 0.93797773 -0.14519367 0.31482795
vn -0.96139175 -0.2652676 0.07320525
vn -0.96139175 -0.2652676 0.07320525
vn -0.96139175 -0.2652676 0.07320525
vn -0.96139175 -0.2652676 0.07320525
vn 0.90955997 -0.2958496 0.2918454
vn 0.90955997 -0.2958496 0.2918454
vn 0.90955997 -0.2958496 0.2918454
vn 0.90955997 -0.2958496 0.2918454
vn -0.9847253 -0.1646012 0.056766193
vn -0.9847253 -0.1646012 0.056766193
vn -0.9847253 -0.1646012 0.056766193
vn -0.9847253 -0.1646012 0.056766193
vn 0.0030480667 0.96314514 -0.26896498
vn 0.0030480667 0.96314514 -0.26896498
vn 0.0030480667 0.96314514 -0.26896498
vn 0.0030480667 0.96314514 -0.26896498
vn 0.04982547 0.98636514 -0.15684797
vn 0.04982547 0.98636514 -0.15684797
vn 0.04982547 0.98636514 -0.15684797
vn 0.04982547 0.98636514 -0.15684797
vn 0.025715917 0.9800666 -0.19699855
vn 0.025715917 0.9800666 -0.19699855
vn 0.025715917 0.9800666 -0.19699855
vn 0.025715917 0.9800666 -0.19699855
vn 0.018967489 -0.99974996 0.0118454555
vn 0.018967489 -0.99974996 0.0118454555
vn 0.018967489 -0.99974996 0.0118454555
vn 0.018967489 -0.99974996 0.0118454555
vn 0.88845396 -0.27087826 0.37050572
vn 0.88845396 -0.27087826 0.37050572
vn 0.88845396 -0.27087826 0.37050572
vn 0.88845396 -0.27087826 0.37050572
vn 0.16436242 0.07309644 -0.98368794
vn 0.16436242 0.07309644 -0.98368794
vn 0.16436242 0.07309644 -0.98368794
vn 0.16436242 0.07309644 -0.98368794
vn 0.0110170515 -0.99934417 -0.034495022
vn 0.0110170515 -0.99934417 -0.034495022
vn 0.0110170515 -0.99934417 -0.034495022
vn 0.0110170515 -0.99934417 -0.034495022
vn 0.74673384 -0.66511744 0.0027375675
vn 0.74673384 -0.66511744 0.0027375675
vn 0.74673384 -0.66511744 0.0027375675
vn 0.74673384 -0.66511744 0.0027375675
vn -0.7974177 -0.56110734 -0.22199902
vn -0.7974177 -0.56110734 -0.22199902
vn -0.7974177 -0.56110734 -0.22199902
vn -0.7974177 -0.56110734 -0.22199902
vn 0.9145919 0.396814 0.07784879
vn 0.9145919 0.396814 0.07784879
vn 0.9145919 0.396814 0.07784879
vn 0.9145919 0.396814 0.07784879
vn 0.9145919 0.396814 0.07784879
vn 0.9390784 0.2581695 -0.22689287
vn 0.9390784 0.2581695 -0.22689287
vn 0.9390784 0.2581695 -0.22689287
vn 0.9390784 0.2581695 -0.22689287
vn 0.9390784 0.2581695 -0.22689287
vn 0.86824393 0.49515143 0.031265985
vn 0.86824393 0.49515143 0.031265985
vn 0.86824393 0.49515143 0.031265985
vn 0.86824393 0.49515143 0.031265985
vn 0.86824393 0.49515143 0.031265985
vn 0.9089788 0.3466265 -0.23153327
vn 0.9089788 0.3466265 -0.23153327
vn 0.9089788 0.3466265 -0.23153327
vn 0.9089788 0.3466265 -0.23153327
vn 0.9089788 0.3466265 -0.23153327
vn 0.94976 0.25129536 -0.18656495
vn 0.94976 0.25129536 -0.18656495
vn 0.94976 0.25129536 -0.18656495
vn 0.94976 0.25129536 -0.18656495
vn 0.9596123 0.2733831 0.06637696
vn 0.9596123 0.2733831 0.06637696
vn 0.9596123 0.2733831 0.06637696
vn 0.9596123 0.2733831 0.06637696
vn 0.96396935 0.22048613 -0.14882524
vn 0.96396935 0.22048613 -0.14882524
vn 0.96396935 0.22048613 -0.14882524
vn 0.96396935 0.22048613 -0.14882524
# 2192 vertex normals

vt 1 1 0
vt 0.99999994 0 0
vt 1 1 0
vt 0 0 0
vt 0.5 1 0
vt 0.5 1 0
vt 1 0 0
vt 1 1 0
vt 1 0 0
vt 0.5 1 0
vt 0.50000006 1.0000001 0
vt 0 0 0
vt 0.25001016 1 0
vt 0.9999999 0 0
vt 0.5 0 0
vt 1 0 0
vt 0.5 0 0
vt 0.41900724 1 0
vt 0 0 0
vt 0 1 0
vt 1 0 0
vt 0.5 0 0
vt 0.5 1 0
vt 0.08088215 1 0
vt 1 0 0
vt 1 0 0
vt 0 1 0
vt 0 1 0
vt 0 1 0
vt 1 0 0
vt 0 1 0
vt 0 1 0
vt 0.9999999 0 0
vt 0 1 0
vt 0.5 0 0
vt 0.5 1 0
vt 0.5 1 0
vt 1 0 0
vt 0 1 0
vt 0.99999994 0 0
vt 1 1 0
vt 0 1 0
vt 0 1 0
vt 1 0 0
vt 0.49999997 0.99999994 0
vt 1 0 0
vt 1 1 0
vt 1 0 0
vt 0 0.9999999 0
vt 0 0 0
vt 1 0 0
vt 0 0.99999994 0
vt 0 0 0
vt 1 0 0
vt 1 1 0
vt 0.08114028 0.99999994 0
vt 0.99999994 0 0
vt 0.08088215 1 0
vt 0.5 1 0
vt 1 0 0
vt 1 1 0
vt 1 1 0
vt 0.5 1 0
vt 0.2500083 1 0
vt 1 0 0
vt 0 1 0
vt 1 1 0
vt 1 0 0
vt 0.49999994 0.4934741 0
vt 0 0 0
vt 1 0 0
vt 0 0 0
vt 1 0 0
vt 0.9999999 0 0
vt 0 0 0
vt 0 1 0
vt 0.5 1 0
vt 0.9999999 0 0
vt 0.5 0 0
vt 0 1 0
vt 0.5 0 0
vt 1 1 0
vt 0 1 0
vt 1 0 0
vt 1 1 0
vt 1 0 0
vt 0 0 0
vt 0 0 0
vt 0 0 0
vt 1 1 0
vt 0 1 0
vt 1 1 0
vt 0.99999994 0 0
vt 1 0 0
vt 0.9999999 0 0
vt 0.49999994 0.9999999 0
vt 0.5 1 0
vt 0.5 1 0
vt 1 1 0
vt 0.08101121 1 0
vt 0.5 0 0
vt 1 1 0
vt 0.41913816 1 0
vt 0.49999994 0 0
vt 1 1 0
vt 0 0 0
vt 0 0 0
vt 0.49999997 0 0
vt 0 0.49347422 0
vt 1 0.49347407 0
vt 1 0 0
vt 0.9999999 0 0
vt 1 0 0
vt 0 0.9999999 0
vt 0 1 0
vt 1.0000001 0 0
vt 0.5 0 0
vt 0.9999999 0 0
vt 1 0 0
vt 0.49999994 0.9999999 0
vt 0.5 1 0
vt 1 1 0
vt 0 1 0
vt 0.99999994 0 0
vt 1 1 0
vt 0 1 0
vt 1 0 0
vt 1 1 0
vt 0 0 0
vt 0 1 0
vt 0 0 0
vt 0 1 0
vt 1 0 0
vt 1 1 0
vt 0 0 0
vt 0.41887635 1 0
vt 1 1 0
vt 0.9999999 0 0
vt 0 0 0
vt 0 1 0
vt 1 1 0
vt 0 0 0
vt 0.9999999 0 0
vt 0 0 0
vt 0.9999999 0 0
vt 0.99999994 0 0
vt 0 1 0
vt 0.5 1 0
vt 1 0 0
vt 0.99999994 0 0
vt 0.5 1 0
vt 0.50000006 0 0
vt 1 0 0
vt 0.5 0 0
vt 1 1 0
vt 0 1 0
vt 0 1 0
vt 1 0 0
vt 1 1 0
vt 0 0.9999999 0
vt 1 1 0
vt 0 1 0
vt 1 0 0
vt 1 1 0
vt 1 0 0
vt 1 1 0
vt 0.5 0 0
vt 0.5 1 0
vt 1 1 0
vt 0.99999994 0 0
vt 0.25000924 1 0
vt 0.9999999 0 0
vt 0.5 0 0
vt 0.5 1 0
vt 1 0 0
vt 0.5 0 0
vt 0 0 0
vt 0.49999994 0.9999999 0
vt 0 1 0
vt 0 0 0
vt 1 0 0
vt 0.99999994 0 0
vt 0 0.49347422 0
vt 1 0 0
vt 1 0 0
vt 0 1 0
vt 0.49999994 0 0
vt 0 1 0
vt 0 0 0
vt 1 1 0
vt 0.5 1 0
vt 1 0 0
vt 0.99999994 0 0
vt 1 1 0
vt 0.5 1 0
vt 1 1 0
vt 1 1 0
vt 0 0 0
vt 0 1 0
vt 1 0 0
vt 0.9999999 0 0
vt 0 1 0
vt 0.9999999 0.9999999 0
vt 0 0 0
vt 0.99999994 0 0
vt 1 1 0
vt 0 0 0
vt 0.9999999 0 0
vt 0 1 0
vt 1 0 0
vt 1 1 0
vt 1 1 0
vt 1 1 0
vt 0.5 1 0
vt 1 0 0
vt 1 0.49347407 0
vt 1 0 0
vt 1 1 0
vt 0 1 0
vt 0.08114028 0.99999994 0
vt 1 0 0
vt 0 0.49347422 0
vt 0 0 0
vt 0 1 0
vt 1 0 0
vt 0 0 0
vt 0.9999999 0 0
vt 0 1 0
vt 0.5 1 0
vt 0.49999997 0 0
vt 0.50000006 1.0000001 0
vt 1 0 0
vt 0.99999994 0 0
vt 0.5 0 0
vt 0.5 1 0
vt 0.49999994 0 0
vt 0 1 0
vt 0.50000006 0 0
vt 1 0 0
vt 1 1 0
vt 1 0 0
vt 0.9999999 0 0
vt 0 1 0
vt 1 1 0
vt 0 0 0
vt 1 1 0
vt 0.99999994 0 0
vt 1 0 0
vt 1 1 0
vt 0 1 0
vt 0.50000006 0 0
vt 0.5 1 0
vt 1 1 0
vt 0.49999997 0 0
vt 1.0000001 1.0000001 0
vt 0.5 1 0
vt 1 1 0
vt 0.5 0 0
vt 0 0 0
vt 0.5 1 0
vt 1 0 0
vt 0 1 0
vt 0 0 0
vt 0 1 0
vt 1 0 0
vt 1 0 0
vt 0 1 0
vt 0.9999999 0 0
vt 1 1 0
vt 0.49999997 0.99999994 0
vt 0.25001016 1 0
vt 1 1 0
vt 1 1 0
vt 1 0 0
vt 0 1 0
vt 1 0 0
vt 1 0 0
vt 0.9999999 0 0
vt 0 0 0
vt 0 0 0
vt 1 1 0
vt 0.99999994 0.99999994 0
vt 0 0 0
vt 0 1 0
vt 1 1 0
vt 0.99999994 0 0
vt 1 0 0
vt 0.9999999 0 0
vt 0 0 0
vt 0.49999997 0 0
vt 0.49999997 0.49347416 0
vt 0 1 0
vt 1 1 0
vt 0.99999994 0.99999994 0
vt 0.99999994 0.99999994 0
vt 0 1 0
vt 0 0 0
vt 1 0 0
vt 1 0 0
vt 0 0 0
vt 0 1 0
vt 0 1 0
vt 1 0 0
vt 0 1 0
vt 0.99999994 0 0
vt 0.5 0 0
vt 0.5 1 0
vt 0.50000006 1.0000001 0
vt 1 0 0
vt 0.2500083 1 0
vt 0.5 0 0
vt 0.5 1 0
vt 1 0 0
vt 0.5 0 0
vt 0.25000924 1 0
vt 0 0 0
vt 0 1 0
vt 1.0000001 1.0000001 0
vt 1 0 0
vt 1 1 0
vt 0.99999994 0 0
vt 1 0 0
vt 0 0 0
vt 0 1 0
vt 1 1 0
vt 1 0 0
vt 0 0 0
vt 1 0 0
vt 1 1 0
vt 0 0.9999999 0
vt 0 1 0
vt 0.5 0 0
vt 0.5 1 0
vt 1 1 0
vt 0.99999994 0 0
vt 0.9999999 0 0
vt 1 1 0
vt 1 0 0
vt 0.49999997 0 0
vt 0 0 0
vt 0.49999997 0.99999994 0
vt 0 1 0
vt 0 0.9999999 0
vt 0 0 0
vt 0 1 0
vt 1 0 0
vt 0 0.99999994 0
vt 0 0 0
vt 0.99999994 0 0
vt 0.41913816 1 0
vt 1 0 0
vt 0.99999994 0 0
vt 0.08101121 1 0
vt 1 0 0
vt 1 0 0
vt 1 1 0
vt 1 1 0
vt 1 1 0
vt 0 0.49347422 0
vt 0 0 0
vt 1 1 0
vt 0.99999994 0 0
vt 1 0 0
vt 1 1 0
vt 0 0 0
vt 0 0.99999994 0
vt 0 1 0
vt 0.50000006 1.0000001 0
vt 1 0 0
vt 1 1 0
vt 1 0 0
vt 0.5 1 0
vt 0 0 0
vt 0.5 0 0
vt 1 0 0
vt 0 0 0
vt 0 1 0
vt 1 0 0
vt 0 1 0
vt 1 0 0
vt 0 0.99999994 0
vt 0 1 0
vt 0 0 0
vt 1 0 0
vt 0.9999999 0 0
vt 0 1 0
vt 0.5 1 0
vt 0.49999994 0 0
vt 0.5 1 0
vt 0.5 1 0
vt 0.41900724 1 0
vt 0.99999994 0 0
vt 0.5 0 0
vt 0.41887635 1 0
vt 1 1 0
vt 0.5 0 0
vt 0.49999994 0.9999999 0
vt 0 1 0
vt 1 1 0
vt 0.49999997 0.99999994 0
vt 1 0 0
vt 1 1 0
vt 0 0 0
vt 0 0 0
vt 0.99999994 0 0
vt 0 0 0
vt 1 0 0
vt 1 1 0
vt 0.49999994 0 0
vt 0 1 0
vt 0.5 0 0
vt 0.5 1 0
vt 1 0 0
vt 1 1 0
vt 1 1 0
vt 0.5 1 0
vt 0 1 0
vt 0 0 0
vt 0.49999997 0.99999994 0
vt 1 1 0
vt 0 1 0
vt 0.99999994 0 0
vt 0.49999997 0.99999994 0
vt 0 0 0
vt 0 1 0
vt 0 0 0
vt 0 1 0
vt 0.49999997 0.99999994 0
vt 1 1 0
vt 0.5 1 0
vt 1 0 0
vt 0.49999997 0.49347416 0
vt 0 1 0
vt 1 0 0
vt 1 1 0
vt 0.99999994 0.99999994 0
vt 1 1 0
vt 0 1 0
vt 1 1 0
vt 1 1 0
vt 0 1 0
vt 1 0 0
vt 1 1 0
vt 0 0 0
vt 1 1 0
vt 0.99999994 0 0
vt 0.9999999 0 0
vt 0 0.49347422 0
vt 0.5 1 0
vt 0.5 1 0
vt 0 0 0
vt 0.49999994 0 0
vt 0.5 0 0
vt 0 0 0
vt 0 1 0
vt 1 0 0
vt 1 1 0
vt 0 1 0
vt 0 0.9999999 0
vt 0.5 1 0
vt 0 0 0
vt 0 1 0
vt 0 0 0
vt 1.0000001 0 0
vt 1 0 0
vt 0 0 0
vt 1 0 0
vt 0 1 0
vt 0 0 0
vt 1 0 0
vt 0.5 0 0
vt 0.5 1 0
vt 1 0.4934741 0
vt 0.9999999 0 0
vt 0.49999997 0 0
vt 0.5 1 0
vt 1 0 0
vt 0.49999997 0 0
vt 0 1 0
vt 1 0 0
vt 0.49999994 0.9999999 0
vt 1 0 0
vt 0 0 0
vt 1 0 0
vt 0 1 0
vt 0 0 0
vt 0 1 0
vt 1 0 0
vt 1 0 0
vt 1 1 0
vt 1 1 0
vt 0 1 0
vt 0.5 1 0
vt 0 1 0
vt 1 1 0
vt 0.99999994 0 0
vt 1 0.4934741 0
vt 0.9999999 0 0
vt 1 1 0
vt 1 1 0
vt 0.49999994 0.9999999 0
vt 0 1 0
vt 1 1 0
vt 0 1 0
vt 1 0 0
vt 0 0 0
vt 0 1 0
vt 0.9999999 0.9999999 0
vt 0 0 0
vt 0 0 0
vt 0.9999999 0 0
vt 1 0 0
vt 0.99999994 0 0
vt 1 1 0
vt 1 0.4934741 0
vt 0.49999994 0.9999999 0
vt 0 1 0
vt 1 0 0
vt 0.5 0 0
vt 1 1 0
vt 1 1 0
vt 0 1 0
# 522 texture coords

usemtl Material.001
s 1
f 96/432/1 66/516/2 4/415/3 64/497/4
f 65/290/5 67/374/6 5/406/7 1/245/8
f 67/374/9 68/79/10 7/486/11 5/406/12
f 68/79/13 69/452/14 9/53/15 7/486/16
f 69/452/17 70/152/18 11/131/19 9/53/20
f 70/152/21 71/15/22 13/204/23 11/131/24
f 71/15/25 72/234/26 15/280/27 13/204/28
f 72/234/29 73/101/30 17/135/31 15/280/32
f 73/101/33 74/311/34 19/207/35 17/135/36
f 74/311/37 75/173/38 21/283/39 19/207/40
f 75/173/41 76/393/42 23/365/43 21/283/44
f 76/393/45 77/254/46 25/444/47 23/365/48
f 77/254/49 78/475/50 27/4/51 25/444/52
f 66/516/53 79/430/54 30/137/55 4/415/56
f 79/430/57 80/214/58 32/62/59 30/137/60
f 80/214/61 81/178/62 34/206/63 32/62/64
f 81/178/65 82/397/66 36/134/67 34/206/68
f 82/397/69 83/191/70 38/55/71 36/134/72
f 83/191/73 84/493/74 40/490/75 38/55/76
f 84/493/77 85/341/78 42/408/79 40/490/80
f 85/341/81 86/59/82 44/329/83 42/408/84
f 86/59/85 205/260/86 46/249/87 44/329/88
f 205/260/89 207/428/90 48/166/91 46/249/92
f 207/428/93 89/307/94 50/325/95 48/166/96
f 65/290/121 96/432/122 64/497/123 2/9/124
f 102/436/129 101/293/130 316/253/131 314/334/132
f 104/110/133 103/218/134 282/105/135 281/473/136
f 108/71/141 107/276/142 299/46/143 301/482/144
f 110/367/145 109/76/146 317/462/147 319/27/148
f 112/316/149 111/107/150 300/297/151 298/223/152
f 101/293/157 114/272/158 318/169/159 316/253/160
f 116/380/161 115/86/162 280/215/163 285/309/164
f 118/321/169 108/71/170 301/482/171 303/401/172
f 120/403/173 119/180/174 284/424/175 279/50/176
f 121/31/177 110/367/178 319/27/179 321/317/180
f 111/107/181 122/483/182 302/383/183 300/297/184
f 114/272/189 124/399/190 320/99/191 318/169/192
f 125/422/193 116/380/194 285/309/195 287/232/196
f 127/241/201 118/321/202 303/401/203 305/434/204
f 119/180/205 128/198/206 286/506/207 284/424/208
f 131/441/213 121/31/214 321/317/215 323/398/216
f 122/483/217 132/129/218 304/463/219 302/383/220
f 124/399/225 133/508/226 322/246/227 320/99/228
f 163/187/229 134/201/230 307/355/231 387/108/232
f 167/349/233 125/422/234 287/232/235 289/319/236
f 134/201/241 127/241/242 305/434/243 307/355/244
f 128/198/245 137/142/246 288/70/247 286/506/248
f 139/132/249 138/359/250 278/183/251 283/147/252
f 140/427/253 131/441/254 323/398/255 325/479/256
f 132/129/257 135/72/258 306/300/259 304/463/260
f 115/86/261 104/110/262 281/473/263 280/215/264
f 133/508/265 141/295/266 324/164/267 322/246/268
f 168/480/269 167/349/270 289/319/271 291/239/272
f 143/381/273 139/132/274 283/147/275 309/264/276
f 137/142/277 144/87/278 290/426/279 288/70/280
f 145/485/281 140/427/282 325/479/283 327/43/284
f 103/218/285 146/514/286 308/61/287 282/105/288
f 141/295/289 147/213/290 326/92/291 324/164/292
f 148/470/293 168/480/294 291/239/295 293/158/296
f 149/130/297 143/381/298 309/264/299 311/345/300
f 144/87/301 150/89/302 292/510/303 290/426/304
f 151/202/305 145/485/306 327/43/307 329/522/308
f 146/514/309 152/269/310 310/495/311 308/61/312
f 147/213/313 153/500/314 328/8/315 326/92/316
f 154/242/317 148/470/318 293/158/319 295/84/320
f 155/243/321 149/130/322 311/345/323 313/296/324
f 150/89/325 156/323/326 294/75/327 292/510/328
f 152/269/333 158/41/334 312/414/335 310/495/336
f 160/116/341 154/242/342 295/84/343 297/127/344
f 161/114/345 155/243/346 313/296/347 315/382/348
f 156/323/349 162/327/350 296/144/351 294/75/352
f 158/41/357 102/436/358 314/334/359 312/414/360
f 107/276/365 160/116/366 297/127/367 299/46/368
f 138/359/369 120/403/370 279/50/371 278/183/372
f 109/76/373 161/114/374 315/382/375 317/462/376
f 162/327/377 112/316/378 298/223/379 296/144/380
f 135/72/381 163/187/382 387/108/383 306/300/384
f 1/245/389 63/448/390 96/432/391 65/290/392
f 208/123/417 49/292/418 89/307/419 207/428/420
f 43/458/425 206/42/426 205/260/427 86/59/428
f 41/379/429 43/458/430 86/59/431 85/341/432
f 39/421/433 41/379/434 85/341/435 84/493/436
f 37/342/437 39/421/438 84/493/439 83/191/440
f 35/262/441 37/342/442 83/191/443 82/397/444
f 33/179/445 35/262/446 82/397/447 81/178/448
f 31/507/449 33/179/450 81/178/451 80/214/452
f 29/425/453 31/507/454 80/214/455 79/430/456
f 3/28/457 29/425/458 79/430/459 66/516/460
f 26/442/461 28/363/462 78/475/463 77/254/464
f 24/407/465 26/442/466 77/254/467 76/393/468
f 22/489/469 24/407/470 76/393/471 75/173/472
f 20/54/473 22/489/474 75/173/475 74/311/476
f 18/133/477 20/54/478 74/311/479 73/101/480
f 16/94/481 18/133/482 73/101/483 72/234/484
f 14/165/485 16/94/486 72/234/487 71/15/488
f 165/261/489 14/165/490 71/15/491 70/152/492
f 166/44/493 165/261/494 70/152/495 69/452/496
f 8/287/497 166/44/498 69/452/499 68/79/500
f 6/371/501 8/287/502 68/79/503 67/374/504
f 2/9/505 6/371/506 67/374/507 65/290/508
f 63/448/509 3/28/510 66/516/511 96/432/512
f 27/4/521 78/475/522 163/187/523 135/72/524
f 17/135/525 19/207/526 112/316/527 162/327/528
f 37/342/529 35/262/530 161/114/531 109/76/532
f 63/448/533 1/245/534 120/403/535 138/359/536
f 20/54/537 18/133/538 160/116/539 107/276/540
f 34/206/545 36/134/546 102/436/547 158/41/548
f 15/280/553 17/135/554 162/327/555 156/323/556
f 35/262/557 33/179/558 155/243/559 161/114/560
f 18/133/561 16/94/562 154/242/563 160/116/564
f 32/62/569 34/206/570 158/41/571 152/269/572
f 13/204/577 15/280/578 156/323/579 150/89/580
f 33/179/581 31/507/582 149/130/583 155/243/584
f 16/94/585 14/165/586 148/470/587 154/242/588
f 48/166/589 50/325/590 153/500/591 147/213/592
f 30/137/593 32/62/594 152/269/595 146/514/596
f 49/292/597 208/123/598 145/485/599 151/202/600
f 11/131/601 13/204/602 150/89/603 144/87/604
f 31/507/605 29/425/606 143/381/607 149/130/608
f 14/165/609 165/261/610 168/480/611 148/470/612
f 46/249/613 48/166/614 147/213/615 141/295/616
f 4/415/617 30/137/618 146/514/619 103/218/620
f 208/123/621 206/42/622 140/427/623 145/485/624
f 9/53/625 11/131/626 144/87/627 137/142/628
f 29/425/629 3/28/630 139/132/631 143/381/632
f 44/329/637 46/249/638 141/295/639 133/508/640
f 2/9/641 64/497/642 104/110/643 115/86/644
f 25/444/645 27/4/646 135/72/647 132/129/648
f 206/42/649 43/458/650 131/441/651 140/427/652
f 3/28/653 63/448/654 138/359/655 139/132/656
f 7/486/657 9/53/658 137/142/659 128/198/660
f 28/363/661 26/442/662 127/241/663 134/201/664
f 166/44/669 8/287/670 125/422/671 167/349/672
f 78/475/673 28/363/674 134/201/675 163/187/676
f 42/408/677 44/329/678 133/508/679 124/399/680
f 23/365/685 25/444/686 132/129/687 122/483/688
f 43/458/689 41/379/690 121/31/691 131/441/692
f 5/406/697 7/486/698 128/198/699 119/180/700
f 26/442/701 24/407/702 118/321/703 127/241/704
f 8/287/709 6/371/710 116/380/711 125/422/712
f 40/490/713 42/408/714 124/399/715 114/272/716
f 21/283/721 23/365/722 122/483/723 111/107/724
f 41/379/725 39/421/726 110/367/727 121/31/728
f 1/245/729 5/406/730 119/180/731 120/403/732
f 24/407/733 22/489/734 108/71/735 118/321/736
f 6/371/741 2/9/742 115/86/743 116/380/744
f 38/55/745 40/490/746 114/272/747 101/293/748
f 19/207/753 21/283/754 111/107/755 112/316/756
f 39/421/757 37/342/758 109/76/759 110/367/760
f 22/489/761 20/54/762 107/276/763 108/71/764
f 64/497/769 4/415/770 103/218/771 104/110/772
f 36/134/773 38/55/774 101/293/775 102/436/776
f 10/328/781 12/248/782 165/261/783 166/44/784
f 136/278/785 10/328/786 166/44/787 167/349/788
f 12/248/789 142/2/790 168/480/791 165/261/792
f 142/2/793 136/278/794 167/349/795 168/480/796
f 45/24/941 209/13/942 87/350/943 205/260/944 206/42/945
f 88/136/946 210/310/947 47/56/948 208/123/949 207/428/950
f 47/56/951 211/100/952 45/24/953 206/42/954 208/123/955
f 87/350/956 212/391/957 88/136/958 207/428/959 205/260/960
f 373/291/973 277/515/974 217/440/975 343/96/976
f 342/230/977 214/139/978 218/289/979 344/306/980
f 344/306/981 218/289/982 220/373/983 345/167/984
f 345/167/985 220/373/986 222/451/987 346/388/988
f 346/388/989 222/451/990 224/12/991 347/251/992
f 347/251/993 224/12/994 226/376/995 348/471/996
f 348/471/997 226/376/998 228/454/999 349/332/1000
f 349/332/1001 228/454/1002 230/19/1003 350/35/1004
f 350/35/1005 230/19/1006 232/106/1007 351/411/1008
f 351/411/1009 232/106/1010 234/177/1011 352/117/1012
f 352/117/1013 234/177/1014 236/259/1015 353/258/1016
f 353/258/1017 236/259/1018 238/340/1019 354/478/1020
f 354/478/1021 238/340/1022 240/418/1023 355/339/1024
f 343/96/1025 217/440/1026 243/402/1027 356/416/1028
f 356/416/1029 243/402/1030 245/320/1031 357/195/1032
f 357/195/1033 245/320/1034 247/240/1035 358/120/1036
f 358/120/1037 247/240/1038 249/159/1039 359/501/1040
f 359/501/1041 249/159/1042 251/85/1043 360/63/1044
f 360/63/1045 251/85/1046 253/1/1047 361/235/1048
f 361/235/1049 253/1/1050 255/439/1051 362/270/1052
f 362/270/1053 255/439/1054 257/82/1055 363/312/1056
f 363/312/1057 257/82/1058 259/520/1059 514/121/1060
f 514/121/1061 259/520/1062 261/435/1063 516/419/1064
f 516/419/1065 261/435/1066 263/356/1067 366/174/1068
f 342/230/1093 215/68/1094 277/515/1095 373/291/1096
f 405/69/1097 375/387/1098 282/105/1099 281/473/1100
f 374/519/1101 376/81/1102 284/424/1103 279/50/1104
f 376/81/1105 377/453/1106 286/506/1107 284/424/1108
f 377/453/1109 378/154/1110 288/70/1111 286/506/1112
f 378/154/1113 379/17/1114 290/426/1115 288/70/1116
f 379/17/1117 380/236/1118 292/510/1119 290/426/1120
f 380/236/1121 381/104/1122 294/75/1123 292/510/1124
f 381/104/1125 382/314/1126 296/144/1127 294/75/1128
f 382/314/1129 383/176/1130 298/223/1131 296/144/1132
f 383/176/1133 384/396/1134 300/297/1135 298/223/1136
f 384/396/1137 385/22/1138 302/383/1139 300/297/1140
f 385/22/1141 386/238/1142 304/463/1143 302/383/1144
f 386/238/1145 387/108/1146 306/300/1147 304/463/1148
f 375/387/1149 388/37/1150 308/61/1151 282/105/1152
f 388/37/1153 389/333/1154 310/495/1155 308/61/1156
f 389/333/1157 390/400/1158 312/414/1159 310/495/1160
f 390/400/1161 391/412/1162 314/334/1163 312/414/1164
f 391/412/1165 392/481/1166 316/253/1167 314/334/1168
f 392/481/1169 393/372/1170 318/169/1171 316/253/1172
f 393/372/1173 394/45/1174 320/99/1175 318/169/1176
f 394/45/1177 395/450/1178 322/246/1179 320/99/1180
f 395/450/1181 396/231/1182 324/164/1183 322/246/1184
f 396/231/1185 397/11/1186 326/92/1187 324/164/1188
f 397/11/1189 398/308/1190 328/8/1191 326/92/1192
f 374/519/1217 405/69/1218 281/473/1219 280/215/1220
f 411/294/1225 314/334/1226 316/253/1227 410/521/1228
f 413/216/1229 281/473/1230 282/105/1231 412/437/1232
f 417/221/1237 301/482/1238 299/46/1239 416/431/1240
f 419/487/1241 319/27/1242 317/462/1243 418/186/1244
f 421/461/1245 298/223/1246 300/297/1247 420/88/1248
f 410/521/1253 316/253/1254 318/169/1255 423/503/1256
f 425/25/1257 285/309/1258 280/215/1259 424/277/1260
f 427/182/1265 303/401/1266 301/482/1267 417/221/1268
f 429/263/1269 279/50/1270 284/424/1271 428/404/1272
f 430/32/1273 321/317/1274 319/27/1275 419/487/1276
f 420/88/1277 300/297/1278 302/383/1279 431/344/1280
f 423/503/1285 318/169/1286 320/99/1287 433/337/1288
f 434/405/1289 287/232/1290 285/309/1291 425/25/1292
f 436/48/1297 305/434/1298 303/401/1299 427/182/1300
f 428/404/1301 284/424/1302 286/506/1303 437/348/1304
f 440/29/1309 323/398/1310 321/317/1311 430/32/1312
f 431/344/1313 302/383/1314 304/463/1315 441/509/1316
f 433/337/1321 320/99/1322 322/246/1323 442/203/1324
f 472/409/1325 387/108/1326 307/355/1327 443/74/1328
f 476/57/1329 289/319/1330 287/232/1331 434/405/1332
f 443/74/1337 307/355/1338 305/434/1339 436/48/1340
f 437/348/1341 286/506/1342 288/70/1343 446/360/1344
f 448/224/1345 283/147/1346 278/183/1347 447/222/1348
f 449/219/1349 325/479/1350 323/398/1351 440/29/1352
f 441/509/1353 304/463/1354 306/300/1355 444/279/1356
f 424/277/1357 280/215/1358 281/473/1359 413/216/1360
f 442/203/1361 322/246/1362 324/164/1363 450/282/1364
f 477/265/1365 291/239/1366 289/319/1367 476/57/1368
f 452/366/1369 309/264/1370 283/147/1371 448/224/1372
f 446/360/1373 288/70/1374 290/426/1375 453/226/1376
f 454/157/1377 327/43/1378 325/479/1379 449/219/1380
f 412/437/1381 282/105/1382 308/61/1383 455/212/1384
f 450/282/1385 324/164/1386 326/92/1387 456/429/1388
f 457/298/1389 293/158/1390 291/239/1391 477/265/1392
f 458/199/1393 311/345/1394 309/264/1395 452/366/1396
f 453/226/1397 290/426/1398 292/510/1399 459/466/1400
f 460/275/1401 329/522/1402 327/43/1403 454/157/1404
f 455/212/1405 308/61/1406 310/495/1407 461/499/1408
f 456/429/1409 326/92/1410 328/8/1411 462/194/1412
f 463/112/1413 295/84/1414 293/158/1415 457/298/1416
f 464/438/1417 313/296/1418 311/345/1419 458/199/1420
f 459/466/1421 292/510/1422 294/75/1423 465/469/1424
f 461/499/1429 310/495/1430 312/414/1431 467/491/1432
f 469/464/1437 297/127/1438 295/84/1439 463/112/1440
f 470/330/1441 315/382/1442 313/296/1443 464/438/1444
f 465/469/1445 294/75/1446 296/144/1447 471/189/1448
f 467/491/1453 312/414/1454 314/334/1455 411/294/1456
f 416/431/1461 299/46/1462 297/127/1463 469/464/1464
f 447/222/1465 278/183/1466 279/50/1467 429/263/1468
f 418/186/1469 317/462/1470 315/382/1471 470/330/1472
f 471/189/1473 296/144/1474 298/223/1475 421/461/1476
f 444/279/1477 306/300/1478 387/108/1479 472/409/1480
f 279/50/1485 278/183/1486 405/69/1487 374/519/1488
f 327/43/1513 329/522/1514 398/308/1515 397/11/1516
f 325/479/1517 327/43/1518 397/11/1519 396/231/1520
f 323/398/1521 325/479/1522 396/231/1523 395/450/1524
f 321/317/1525 323/398/1526 395/450/1527 394/45/1528
f 319/27/1529 321/317/1530 394/45/1531 393/372/1532
f 317/462/1533 319/27/1534 393/372/1535 392/481/1536
f 315/382/1537 317/462/1538 392/481/1539 391/412/1540
f 313/296/1541 315/382/1542 391/412/1543 390/400/1544
f 311/345/1545 313/296/1546 390/400/1547 389/333/1548
f 309/264/1549 311/345/1550 389/333/1551 388/37/1552
f 283/147/1553 309/264/1554 388/37/1555 375/387/1556
f 305/434/1557 307/355/1558 387/108/1559 386/238/1560
f 303/401/1561 305/434/1562 386/238/1563 385/22/1564
f 301/482/1565 303/401/1566 385/22/1567 384/396/1568
f 299/46/1569 301/482/1570 384/396/1571 383/176/1572
f 297/127/1573 299/46/1574 383/176/1575 382/314/1576
f 295/84/1577 297/127/1578 382/314/1579 381/104/1580
f 293/158/1581 295/84/1582 381/104/1583 380/236/1584
f 291/239/1585 293/158/1586 380/236/1587 379/17/1588
f 289/319/1589 291/239/1590 379/17/1591 378/154/1592
f 287/232/1593 289/319/1594 378/154/1595 377/453/1596
f 285/309/1597 287/232/1598 377/453/1599 376/81/1600
f 280/215/1601 285/309/1602 376/81/1603 374/519/1604
f 278/183/1605 283/147/1606 375/387/1607 405/69/1608
f 214/139/1609 342/230/1610 373/291/1611 276/109/1612
f 517/502/1637 516/419/1638 366/174/1639 262/209/1640
f 256/468/1645 363/312/1646 514/121/1647 515/417/1648
f 254/386/1649 362/270/1650 363/312/1651 256/468/1652
f 252/304/1653 361/235/1654 362/270/1655 254/386/1656
f 250/228/1657 360/63/1658 361/235/1659 252/304/1660
f 248/267/1661 359/501/1662 360/63/1663 250/228/1664
f 246/188/1665 358/120/1666 359/501/1667 248/267/1668
f 244/115/1669 357/195/1670 358/120/1671 246/188/1672
f 242/34/1673 356/416/1674 357/195/1675 244/115/1676
f 216/39/1677 343/96/1678 356/416/1679 242/34/1680
f 239/30/1681 354/478/1682 355/339/1683 241/73/1684
f 237/111/1685 353/258/1686 354/478/1687 239/30/1688
f 235/185/1689 352/117/1690 353/258/1691 237/111/1692
f 233/266/1693 351/411/1694 352/117/1695 235/185/1696
f 231/225/1697 350/35/1698 351/411/1699 233/266/1700
f 229/299/1701 349/332/1702 350/35/1703 231/225/1704
f 227/384/1705 348/471/1706 349/332/1707 229/299/1708
f 474/200/1709 347/251/1710 348/471/1711 227/384/1712
f 475/346/1713 346/388/1714 347/251/1715 474/200/1716
f 221/456/1717 345/167/1718 346/388/1719 475/346/1720
f 219/21/1721 344/306/1722 345/167/1723 221/456/1724
f 215/68/1725 342/230/1726 344/306/1727 219/21/1728
f 276/109/1729 373/291/1730 343/96/1731 216/39/1732
f 240/418/1741 444/279/1742 472/409/1743 355/339/1744
f 230/19/1745 471/189/1746 421/461/1747 232/106/1748
f 250/228/1749 418/186/1750 470/330/1751 248/267/1752
f 276/109/1753 447/222/1754 429/263/1755 214/139/1756
f 233/266/1757 416/431/1758 469/464/1759 231/225/1760
f 247/240/1765 467/491/1766 411/294/1767 249/159/1768
f 228/454/1773 465/469/1774 471/189/1775 230/19/1776
f 248/267/1777 470/330/1778 464/438/1779 246/188/1780
f 231/225/1781 469/464/1782 463/112/1783 229/299/1784
f 245/320/1789 461/499/1790 467/491/1791 247/240/1792
f 226/376/1797 459/466/1798 465/469/1799 228/454/1800
f 246/188/1801 464/438/1802 458/199/1803 244/115/1804
f 229/299/1805 463/112/1806 457/298/1807 227/384/1808
f 261/435/1809 456/429/1810 462/194/1811 263/356/1812
f 243/402/1813 455/212/1814 461/499/1815 245/320/1816
f 262/209/1817 460/275/1818 454/157/1819 517/502/1820
f 224/12/1821 453/226/1822 459/466/1823 226/376/1824
f 244/115/1825 458/199/1826 452/366/1827 242/34/1828
f 227/384/1829 457/298/1830 477/265/1831 474/200/1832
f 259/520/1833 450/282/1834 456/429/1835 261/435/1836
f 217/440/1837 412/437/1838 455/212/1839 243/402/1840
f 517/502/1841 454/157/1842 449/219/1843 515/417/1844
f 222/451/1845 446/360/1846 453/226/1847 224/12/1848
f 242/34/1849 452/366/1850 448/224/1851 216/39/1852
f 257/82/1857 442/203/1858 450/282/1859 259/520/1860
f 215/68/1861 424/277/1862 413/216/1863 277/515/1864
f 238/340/1865 441/509/1866 444/279/1867 240/418/1868
f 515/417/1869 449/219/1870 440/29/1871 256/468/1872
f 216/39/1873 448/224/1874 447/222/1875 276/109/1876
f 220/373/1877 437/348/1878 446/360/1879 222/451/1880
f 241/73/1881 443/74/1882 436/48/1883 239/30/1884
f 475/346/1889 476/57/1890 434/405/1891 221/456/1892
f 355/339/1893 472/409/1894 443/74/1895 241/73/1896
f 255/439/1897 433/337/1898 442/203/1899 257/82/1900
f 236/259/1905 431/344/1906 441/509/1907 238/340/1908
f 256/468/1909 440/29/1910 430/32/1911 254/386/1912
f 218/289/1917 428/404/1918 437/348/1919 220/373/1920
f 239/30/1921 436/48/1922 427/182/1923 237/111/1924
f 221/456/1929 434/405/1930 425/25/1931 219/21/1932
f 253/1/1933 423/503/1934 433/337/1935 255/439/1936
f 234/177/1941 420/88/1942 431/344/1943 236/259/1944
f 254/386/1945 430/32/1946 419/487/1947 252/304/1948
f 214/139/1949 429/263/1950 428/404/1951 218/289/1952
f 237/111/1953 427/182/1954 417/221/1955 235/185/1956
f 219/21/1961 425/25/1962 424/277/1963 215/68/1964
f 251/85/1965 410/521/1966 423/503/1967 253/1/1968
f 232/106/1973 421/461/1974 420/88/1975 234/177/1976
f 252/304/1977 419/487/1978 418/186/1979 250/228/1980
f 235/185/1981 417/221/1982 416/431/1983 233/266/1984
f 277/515/1989 413/216/1990 412/437/1991 217/440/1992
f 249/159/1993 411/294/1994 410/521/1995 251/85/1996
f 223/378/2001 475/346/2002 474/200/2003 225/465/2004
f 445/143/2005 476/57/2006 475/346/2007 223/378/2008
f 225/465/2009 474/200/2010 477/265/2011 451/146/2012
f 451/146/2013 477/265/2014 476/57/2015 445/143/2016
f 258/58/2161 515/417/2162 514/121/2163 364/103/2164 518/271/2165
f 365/394/2166 516/419/2167 517/502/2168 260/220/2169 519/64/2170
f 260/220/2171 517/502/2172 515/417/2173 258/58/2174 520/353/2175
f 364/103/2176 514/121/2177 516/419/2178 365/394/2179 521/18/2180
#546 polygons

usemtl Material.002
s 2
f 89/307/97 90/97/98 52/244/99 50/325/100
f 90/97/101 91/389/102 54/161/103 52/244/104
f 91/389/105 92/168/106 56/90/107 54/161/108
f 92/168/109 93/472/110 58/3/111 56/90/112
f 93/472/113 94/252/114 60/443/115 58/3/116
f 94/252/117 95/36/118 62/364/119 60/443/120
f 100/91/125 99/301/126 333/156/127 335/237/128
f 106/358/137 105/141/138 334/285/139 332/370/140
f 113/459/153 100/91/154 335/237/155 337/433/156
f 105/141/165 117/420/166 336/211/167 334/285/168
f 123/343/185 113/459/186 337/433/187 339/517/188
f 117/420/197 126/318/198 338/361/199 336/211/200
f 164/460/209 129/347/210 341/80/211 404/148/212
f 129/347/221 123/343/222 339/517/223 341/80/224
f 126/318/237 130/395/238 340/281/239 338/361/240
f 157/324/329 151/202/330 329/522/331 331/83/332
f 153/500/337 159/257/338 330/445/339 328/8/340
f 99/301/353 157/324/354 331/83/355 333/156/356
f 159/257/361 106/358/362 332/370/363 330/445/364
f 130/395/385 164/460/386 404/148/387 340/281/388
f 59/66/393 61/140/394 95/36/395 94/252/396
f 57/504/397 59/66/398 94/252/399 93/472/400
f 55/20/401 57/504/402 93/472/403 92/168/404
f 53/455/405 55/20/406 92/168/407 91/389/408
f 51/377/409 53/455/410 91/389/411 90/97/412
f 49/292/413 51/377/414 90/97/415 89/307/416
f 60/443/513 94/252/514 98/5/515 97/457/516
f 62/364/517 95/36/518 164/460/519 130/395/520
f 52/244/541 54/161/542 106/358/543 159/257/544
f 53/455/549 51/377/550 157/324/551 99/301/552
f 50/325/565 52/244/566 159/257/567 153/500/568
f 51/377/573 49/292/574 151/202/575 157/324/576
f 142/2/633 12/248/634 169/217/635 172/205/636
f 60/443/665 62/364/666 130/395/667 126/318/668
f 61/140/681 59/66/682 123/343/683 129/347/684
f 95/36/693 61/140/694 129/347/695 164/460/696
f 58/3/705 60/443/706 126/318/707 117/420/708
f 59/66/717 57/504/718 113/459/719 123/343/720
f 56/90/737 58/3/738 117/420/739 105/141/740
f 57/504/749 55/20/750 100/91/751 113/459/752
f 54/161/765 56/90/766 105/141/767 106/358/768
f 55/20/777 53/455/778 99/301/779 100/91/780
f 172/205/797 169/217/798 173/65/799 176/362/800
f 12/248/801 10/328/802 170/518/803 169/217/804
f 136/278/805 142/2/806 172/205/807 171/511/808
f 10/328/809 136/278/810 171/511/811 170/518/812
f 175/145/813 176/362/814 180/286/815 179/78/816
f 169/217/817 170/518/818 174/354/819 173/65/820
f 171/511/821 172/205/822 176/362/823 175/145/824
f 170/518/825 171/511/826 175/145/827 174/354/828
f 180/286/829 177/16/830 181/375/831 184/446/832
f 174/354/833 175/145/834 179/78/835 178/313/836
f 176/362/837 173/65/838 177/16/839 180/286/840
f 173/65/841 174/354/842 178/313/843 177/16/844
f 181/375/845 182/153/846 186/119/847 185/338/848
f 177/16/849 178/313/850 182/153/851 181/375/852
f 179/78/853 180/286/854 184/446/855 183/227/856
f 178/313/857 179/78/858 183/227/859 182/153/860
f 187/385/861 188/93/862 192/247/863 191/33/864
f 183/227/865 184/446/866 188/93/867 187/385/868
f 182/153/869 183/227/870 187/385/871 186/119/872
f 184/446/873 181/375/874 185/338/875 188/93/876
f 192/247/877 189/175/878 193/181/879 196/170/880
f 186/119/881 187/385/882 191/33/883 190/477/884
f 188/93/885 185/338/886 189/175/887 192/247/888
f 185/338/889 186/119/890 190/477/891 189/175/892
f 195/474/893 196/170/894 200/335/895 199/118/896
f 189/175/897 190/477/898 194/484/899 193/181/900
f 191/33/901 192/247/902 196/170/903 195/474/904
f 190/477/905 191/33/906 195/474/907 194/484/908
f 198/322/909 199/118/910 203/268/911 202/274/912
f 194/484/913 195/474/914 199/118/915 198/322/916
f 196/170/917 193/181/918 197/26/919 200/335/920
f 193/181/921 194/484/922 198/322/923 197/26/924
f 201/505/925 202/274/926 203/268/927 204/496/928
f 200/335/929 197/26/930 201/505/931 204/496/932
f 197/26/933 198/322/934 202/274/935 201/505/936
f 199/118/937 200/335/938 204/496/939 203/268/940
f 366/174/1069 263/356/1070 265/273/1071 367/476/1072
f 367/476/1073 265/273/1074 267/197/1075 368/256/1076
f 368/256/1077 267/197/1078 269/128/1079 369/151/1080
f 369/151/1081 269/128/1082 271/47/1083 370/449/1084
f 370/449/1085 271/47/1086 273/196/1087 371/229/1088
f 371/229/1089 273/196/1090 275/122/1091 372/10/1092
f 398/308/1193 399/98/1194 330/445/1195 328/8/1196
f 399/98/1197 400/390/1198 332/370/1199 330/445/1200
f 400/390/1201 401/423/1202 334/285/1203 332/370/1204
f 401/423/1205 402/77/1206 336/211/1207 334/285/1208
f 402/77/1209 403/368/1210 338/361/1211 336/211/1212
f 403/368/1213 404/148/1214 340/281/1215 338/361/1216
f 409/494/1221 335/237/1222 333/156/1223 408/302/1224
f 415/67/1233 332/370/1234 334/285/1235 414/357/1236
f 422/160/1249 337/433/1250 335/237/1251 409/494/1252
f 414/357/1261 334/285/1262 336/211/1263 426/125/1264
f 432/49/1281 339/517/1282 337/433/1283 422/160/1284
f 426/125/1293 336/211/1294 338/361/1295 435/255/1296
f 473/23/1305 404/148/1306 341/80/1307 438/52/1308
f 438/52/1317 341/80/1318 339/517/1319 432/49/1320
f 435/255/1333 338/361/1334 340/281/1335 439/102/1336
f 466/126/1425 331/83/1426 329/522/1427 460/275/1428
f 462/194/1433 328/8/1434 330/445/1435 468/190/1436
f 408/302/1449 333/156/1450 331/83/1451 466/126/1452
f 468/190/1457 330/445/1458 332/370/1459 415/67/1460
f 439/102/1481 340/281/1482 404/148/1483 473/23/1484
f 339/517/1489 341/80/1490 404/148/1491 403/368/1492
f 337/433/1493 339/517/1494 403/368/1495 402/77/1496
f 335/237/1497 337/433/1498 402/77/1499 401/423/1500
f 333/156/1501 335/237/1502 401/423/1503 400/390/1504
f 331/83/1505 333/156/1506 400/390/1507 399/98/1508
f 329/522/1509 331/83/1510 399/98/1511 398/308/1512
f 272/492/1613 371/229/1614 372/10/1615 274/162/1616
f 270/410/1617 370/449/1618 371/229/1619 272/492/1620
f 268/331/1621 369/151/1622 370/449/1623 270/410/1624
f 266/250/1625 368/256/1626 369/151/1627 268/331/1628
f 264/284/1629 367/476/1630 368/256/1631 266/250/1632
f 262/209/1633 366/174/1634 367/476/1635 264/284/1636
f 273/196/1733 406/155/1734 407/6/1735 371/229/1736
f 275/122/1737 439/102/1738 473/23/1739 372/10/1740
f 265/273/1761 468/190/1762 415/67/1763 267/197/1764
f 266/250/1769 408/302/1770 466/126/1771 264/284/1772
f 263/356/1785 462/194/1786 468/190/1787 265/273/1788
f 264/284/1793 466/126/1794 460/275/1795 262/209/1796
f 451/146/1853 481/352/1854 478/51/1855 225/465/1856
f 273/196/1885 435/255/1886 439/102/1887 275/122/1888
f 274/162/1901 438/52/1902 432/49/1903 272/492/1904
f 372/10/1913 473/23/1914 438/52/1915 274/162/1916
f 271/47/1925 426/125/1926 435/255/1927 273/196/1928
f 272/492/1937 432/49/1938 422/160/1939 270/410/1940
f 269/128/1957 414/357/1958 426/125/1959 271/47/1960
f 270/410/1969 422/160/1970 409/494/1971 268/331/1972
f 267/197/1985 415/67/1986 414/357/1987 269/128/1988
f 268/331/1997 409/494/1998 408/302/1999 266/250/2000
f 481/352/2017 485/513/2018 482/60/2019 478/51/2020
f 225/465/2021 478/51/2022 479/184/2023 223/378/2024
f 445/143/2025 480/208/2026 481/352/2027 451/146/2028
f 223/378/2029 479/184/2030 480/208/2031 445/143/2032
f 484/138/2033 488/288/2034 489/150/2035 485/513/2036
f 478/51/2037 482/60/2038 483/192/2039 479/184/2040
f 480/208/2041 484/138/2042 485/513/2043 481/352/2044
f 479/184/2045 483/192/2046 484/138/2047 480/208/2048
f 489/150/2049 493/305/2050 490/369/2051 486/413/2052
f 483/192/2053 487/38/2054 488/288/2055 484/138/2056
f 485/513/2057 489/150/2058 486/413/2059 482/60/2060
f 482/60/2061 486/413/2062 487/38/2063 483/192/2064
f 490/369/2065 494/210/2066 495/351/2067 491/512/2068
f 486/413/2069 490/369/2070 491/512/2071 487/38/2072
f 488/288/2073 492/447/2074 493/305/2075 489/150/2076
f 487/38/2077 491/512/2078 492/447/2079 488/288/2080
f 496/95/2081 500/14/2082 501/392/2083 497/233/2084
f 492/447/2085 496/95/2086 497/233/2087 493/305/2088
f 491/512/2089 495/351/2090 496/95/2091 492/447/2092
f 493/305/2093 497/233/2094 494/210/2095 490/369/2096
f 501/392/2097 505/40/2098 502/7/2099 498/163/2100
f 495/351/2101 499/303/2102 500/14/2103 496/95/2104
f 497/233/2105 501/392/2106 498/163/2107 494/210/2108
f 494/210/2109 498/163/2110 499/303/2111 495/351/2112
f 504/172/2113 508/336/2114 509/193/2115 505/40/2116
f 498/163/2117 502/7/2118 503/149/2119 499/303/2120
f 500/14/2121 504/172/2122 505/40/2123 501/392/2124
f 499/303/2125 503/149/2126 504/172/2127 500/14/2128
f 507/113/2129 511/467/2130 512/498/2131 508/336/2132
f 503/149/2133 507/113/2134 508/336/2135 504/172/2136
f 505/40/2137 509/193/2138 506/488/2139 502/7/2140
f 502/7/2141 506/488/2142 507/113/2143 503/149/2144
f 510/326/2145 513/124/2146 512/498/2147 511/467/2148
f 509/193/2149 513/124/2150 510/326/2151 506/488/2152
f 506/488/2153 510/326/2154 511/467/2155 507/113/2156
f 508/336/2157 512/498/2158 513/124/2159 509/193/2160
#546 polygons

s 4
f 213/171/421 210/310/422 88/136/423 212/391/424
f 209/13/961 213/171/962 212/391/963 87/350/964
f 45/24/965 211/100/966 213/171/967 209/13/968
f 211/100/969 47/56/970 210/310/971 213/171/972
f 522/315/1641 521/18/1642 365/394/1643 519/64/1644
f 518/271/2181 364/103/2182 521/18/2183 522/315/2184
f 258/58/2185 518/271/2186 522/315/2187 520/353/2188
f 520/353/2189 522/315/2190 519/64/2191 260/220/2192
#546 polygons

